6YQjHhDT3UV97cEAfRZBnCF58hfWEqcHbXa6DR2wP79f,73645
F6XB4qnRspoPr3YbxcUrALifUsD8ye8mBojPMBuUWREA,37891
EJBJ56S2PMpNukJ6SnbDSzgYLNyuso5XEw4VVREeBXPY,36458
7wgA8946QMkLYqp27rAUPSnPGCcjTnC1buS5M6osGX9v,76561
DY5N65uWkUSjha6pwzGcS1xNRCcDJKFvjQtzm1ScxpNK,18957
5ThWZxcKpRRAMcaeokJjhZr9nDXNCCGBqa3s3eYAadX5,72917
5tzFkiKscXHK5ZXCGbXZxdw7gTjjD1mBwuoFbhUvuAi9,425275
YEQkAh7PRKvsL8PjMssgTdvS3uLtbMs3Jhtk69kFCm5,102813
4LTYGaXn8RRYNtcEoU4ZqpNWQYPnUJCbGRpFNHdLJhua,25421
BHdspeA2VjjCRurp9o5qP36fXYc5fsXyAqF9KZWcpD4d,113020
7b7Ha45NvBLgGpk2DiWk61nMRgX1c8TWzNDRKcHSSrUQ,37731
Cx82sAaNX186UudX7UyQHkThy8TE6bna6KiWuPkE5b87,42393
AoYf94LVnt5hYd4B4RH9QJ1SMfkthbRRRwpaAnzT5pLi,43750
4vsS3Hj3q7zxcZCa9FSv11wEWQNgZyVJh5iTp4xbeY2F,62302
BppWtEyZCKBhLD4kSCMSMqwM8hMyAFdnn3bbiL35bwAz,72917
J7hBQ9ggSwGuMqdwUW9NuRFnAi34v96q5CcLUPNA4FyX,72917
84HxsBVoiYUPEoQJ6aBidmpEFt8mHfgCvYmxWPTQ6YEF,80208
5VnkujbPtvtg2nBAnJXu8rF3QGmjU5XNZNriDnfZJnSm,81010
ESmFHjcMNSP9BSWiKYQgH7HajVDRvK1THKmB2puwNGD1,82985
CuXhKH1fX67DXjLb8jpB5e4BoutKaK6jSXtqRSEFhknb,117396
2nMyH3swVKChiHbvBL1GTRXLN6yf4UKUhHDKqnJ8Wmyu,118125
AvvP6kwS9ZQJ7kKiizEEkaY8vGxppNHgwojTcyusjdTA,131250
5fbAnmq96mnCNsv3jmBnT54N1J1ycRpzX1nBzE18U8h3,145833
42NfiGhjepxRvpwnZ5ZmwbptNAc7kWhWGvthe6GUDzDM,338594
CVVQdeZ7wuKz2qmb2Xf3eWt2pgGsWTTfc49rRpvtXQNd,227500
DJwUrPijEqXCera9znh7atAmwzNpay3mdgW4NnmSnPwa,437500
3oiap3V4F8R7cJKXzWecQddG3s2MZLJyGApqiBq5LSpu,583333
6Nkm7v8op37dfy1eE1kqqrseehoY6QfbzYaHCoS7NAf4,631043
3nW157GA3Xrvr1mSKhiZNdgcKWiK36n47eGqAtJMnbhk,2005208
DYA2zZAEHH7sEPXhKLoHn6gHdwimvLFyeoACze5CXmEf,3958134
7pWbqvrUjaktukJ7shPHpL4j8hNC9134T6aWA1DaTJq7,66
AsT43pf9sVCZri1vtJDie6Yz3aGGZrGX19i7g7iQMYen,10757
HBGh2xdUEqN5eJCbWJwUVcyS1K9ChbS6MfJHBabJEX9r,4201
48FQZq4iYRQcWiqPZLXyR2L7sY4X3MyyL4R7cM62LEU5,195
33rVoVHvTFR4wvQcReVne5RVi1k3ugkcbFU64xmz1qLn,199
5KHFncEBiAUpCbjfDJrcB3F3RMGZVbViYf2fEeFEJSTg,211
CAyka27RYD1bWjEmYSEEP1pKV4XBJ36fUBF6UkxuK3kz,40831
EV4KYjhfYQN2s6g2sphRCcwcG5fyxiyRNzgJeFWAVKcY,410
ACAz8TUfLDLZP9SfuQgwE5fiUxPTsCLxaxYfqHpr362a,577
7nBrLBUecnoCx9dC1mN6AJVTtWSjPbR8UCQA6hQbp12T,8904
ADKQ18k67P3WnpsoEYzU95f9Wps1m1s4kDt9YvSnkBaG,51747
xDkRXeZLryQYYsKvEhdtetgko41TTESUj9JRy5YUHSv,944
8jpD7VUsE6rEN2KM4djxk6bLL24swQ9nVyY9bA4PK2fS,10154
85TrDBgNFyKdaMYs2PpkjBcyNWzbDj9YVUpiaLcNun5L,2136
BxdbTvcm6TgmbLArTVesoSY7WZhTis9XrYNrF8hAcoFY,2188
47DAtVZAbzWctwcAK2UMbwevfS8hbBbuLxyZXaFgM7AC,2188
3sNZi3P1TbJchZ6zozZBxvMji6eNK7uJvTxcEnLAm1By,2552
2aLySLUhfxG3LEXGBYMECyHrBXV1maKXgLbeapaATYff,2698
4BWKaLGfcZTTAkArQXq5QbpBsK6VTYb3SKNqrDTMjotT,3516
Bhho4TAAvJnCsPkPNpvUt45YQK5AZrpA6936DDpQTpbF,40104
Ey5wAET7wsY269E5FKyVY5K9ESEUpSX1uskXoT14sn2s,3646
8xoETh9apZYvim4nm66TRyHfr8HFXKbyC8MVHHTEqBYm,4009
2vCdZQaGNqfvJpX6g8VPoJTXCmbNA5eZbmFgWxUinyRt,4040
FwUT8inHmLwYwgjHPFFZHufBXZt6jJBFvqTGCrDXGkgQ,4292
Ey23YhzRs3de7ZqqNQcpfBod6YuQw8JiNxKaPW85afri,4375
EiY2tQXmB8LEKkfbGbMw3DV5n8W3g8xhPs1iS385CdYx,4375
2nBh1GiMzmKYPLWUHByLQ9mq7NDoAquQnYZEwD2hvMYe,5292
J11dbpgEpybQ9MzQHH8srN4uV6i4PSqLLUfkVg5L4PLr,5833
HFVrzQMUthvEmuaj62e3inCiXL1yVRzfVRe43MXETJNE,7276
3j7XugwLgy7mpANKWXRs8ZNTQswnAPZdeGeb1e6QHeJH,7292
DtkGgcREoZNYbnSXmax3W5oD8FLrtm2jL4q6gjvVXHwi,80938
75Mgh7y4YcFCMqcd3YAquqmg9k33Qdqnc55TZyMGLAh2,7292
HaAWMxD1574SKmKBLB7idsYZ4n9mrE3kqHSMbQddpKSF,7292
CM22G3ZXWc5o1QM2tsHx9hu4XKvaCnsD8jLaut9PBHXV,7292
C5W6JedyT4kFBbtHzabGUWuXGSCBA9wbiUxJdRtJ9SB5,43750
GY2wwnqMAjiivn8LMpHJ6aHGiX6KXi6EDqSyMXudKaNT,43750
CgPALZoESSCnyT9i5KdVqSy1X9EThJqRp1YQ6KVCptdR,7292
5GEokT3tKdkSWHPypwBJo3mJsZuAo4LuCd4M1TgXL36A,7327
HE8DLqLg1ZCLbCqtXoPpR9KYoXeKj6C8mi1rfnSS1xrY,7499
DwH1rfBsX3sCtUqH3GUC2KwztvCkYBHouQNxgGf6YdxH,7875
ANqbg8htbqmPrgvMwsmTZ2RCvC7W4MRWcZMF6ZEfu27G,8021
2vg5rphGm2Q8rQn2JpMxHeemWWFQ9CCfRBL3TF3FXEtV,8021
7Rv2PZjJZyPJnZVxsqRV28HLaQNJ8JmKxi7xnDEXiLju,8021
35tPvij9jZHKecJRY3g9QgqjN7HqX2fmBosEXuNzHYjV,8021
HnMzbgAqyJiPXsHEwSg1A2erbr7fL43vKMvHM6LboDTV,8750
CgFCevk56W4mwJxLXWVyByzX5tcBjz1qSZpmB6vbQCPR,9479
5ArzknHGrySshfhmu2Y1XKnh8X76FcVErZuJK6kv8Mvm,10015
6uHkKu556kjfjuPwi2wMsHou8Jootztzqj4ZJ4R3SjUQ,126875
EemqRQtdLNJQMQ6V6xAT6PdZUjdykcDy29iE4xuJTAkw,10208
78LhMhatg8gKnFtxBGitcS6hRs5AJEhpViSkr4o2Uw4B,10299
v1DUxrKMuYVUWLJTikrFNppxP6MeJW2CuA3CedATQ7p,10910
oD5GC9gc9MiANZfiGfVJGsXDWjyhiLVaAoqVZDbgAQS,10938
MDEZAzdVk434GGxMDmL3WdfwB5YDPRdQ9eynbtbYJNS,11129
BKGzr9jRte1tMgVGj7Co6KZz75GteM5XLeLrhjDWSdXL,11410
Ceg1eWzhfd4zpTtWWsFX2dinD9HaiLQBseNeKPo6uHjp,11667
BqyVdGx8PNPz8mBrwr88CDCSVhRgG7drmLPMsbnoAkBZ,11667
7952aqkU921gZNuystesfBy5LRH7JssRmGKzSuxdnWzb,61874
8QQsMAQocY1zFuw1GfvRgqmKj4Ze7FBBkSUBGRVxaWRv,12096
Bw1p22sL3cmoYPsBEV8C8FahoazmQgJbK2TT6Li4wFwY,48855
DsTfzQqHYkSxU9hPkE5dwiNWrq7Ki3RRS9NZxsA6NRDk,12538
GWZznYTbLHtSDrfeuPLguH79UmS7ytEBhYGMpvQWHpaR,12693
45yvJ8SMFN9bxtD8CcEhwBGHgvkwL8NXcV1Yxu4ckdCv,13585
4GLFyJq2dP3Ak5u6xh3Gwii2ii2PP4ZfZLePyLT47oj8,13854
HTzhDG7hSmD4Cx6G1Ky7kUb8fj1K1KSo3337XaKXEfJZ,13854
Hdk9zkArCvqvPUbrEEcHsCaQh6AvSppDYLxb6vCgZVSP,14147
C7myfGyMfcoBrFUa4uY9HLQjAfRwaHyd3dUVpfk8YAqU,14305
9i8fBHHqN2baD8BrLv4KfA4mSViTsVkJz9vuJM51q4oK,14583
9YWqdmDxTCnnYEyyUvkmCi2qTAWVqSCg66rZgXwAniym,36458
28o7WLKrfbCR6MUcLhjirdq3qwsmYWMjiB3kP9Z8SPjF,51771
76yFXWV2EWP6YffZfPLcz5ZEoahW37tRmZHqMxTnfecg,36458
2yBHh99ReJqGp2TGCQZ3fK6AdqnY59aT8UHx28AcXQku,14583
5ecrUgwrwyCyhSdLRx6uccC5igfTDb4XgPm5edH77LZz,36458
8ZoDFcHoHAyaDezRVJMym2iE3BPgmgw3TJPVct7twk4K,14583
HiXBe5Wf2QicL21Bf39PcMc4cvCEyWFZuD1vAh4JsuMj,40833
6t5TMyAYqQpSsXrRvCNBDF92Ejctb3P7Zn5hCvvi5kcM,14583
G7n9BSU3zkEoVkE5WQ7LxfYQCZ4nHxdCvAxLMduJT1KV,51041
Ct8Ptbhnd1dRuCpngPhrSKjqkCyyGDevJ77hvQ6MX4y3,14583
2qVtj3VEti3vb4WLoAS5xde62x8sGVXY4smC78vJfzaq,15313
AUZrtMv9uHrMH1P83TkgoiPCgSd4p3WL3KGJ5yYi3qC9,38173
CsE7Q62bRbxBLpsHbmnMb9aReiFgSv3MSKAQLjrkkyTM,16292
AhEBnu25RCfzGsJuUjQ4SpVY6ttjFB63wNW4CgzGCrvH,16440
4bnvFqNvWCS8kbKSKGdR7BeZFNUMqiNWm2SmgUSNin9c,17500
9sGbvpjuYkBsLUfVVtyzNHAYwF99uK4WcUwwa2krxiQU,18229
5JNQPBow1xpDgR8XdeXsr5zt7BwncnFbS9J9QAo8SwYD,18229
DLB8mi7HGpBZZkYVwmKGVcymGTYEFSGT1Gwse8c53vqv,40104
AJVmu7Bar2ZyUzjYFD8UYs8jyTZTSqDTissLLsexaLtV,37883
83XVZgZJMNgspmQsYQrh2YAj8W6zsdCoYZ4VBYWsegtv,18957
2CPmFvupV1Cq5erBXzYcYjFb4c2iPZwRaSNEVoJxJndv,19226
9syiPFFMjPCXKG8TN6gP4tNJbUXBL9VfyJ8A4643xqKz,19585
BdM163BNqWr6oZQp8zheDXTuVRCke5r2idxTQm4W8EAx,19688
9eG9PusBsH35UVmLXbU17QU39WRUYt2yDNEnistfHLqJ,315001
3nBx8YyjnkY8pZAnGnRjJJ3aXB2QcvHRm3XbYe1SVABK,20417
2QVfubZaU6XTWF4gCHh6QboybZknuq6qxByiPTKETCNZ,20417
5NTR2hFo7RMiqAAyzs1c4kRFzwuxUigt17RakzGgFm5e,20459
27wbjvegB8FsAEzfMDnjkdfKqGGC6LdEb8RwNz8ADvcg,21087
dkDKbBKL4oxAcmAU3BKbnsb2wKKLfkjXfRqFtpFcNDH,44247
2mkY7SFvzS6tYR6jLhPCSNwwQMmnfvRP8bpa2HuP9QPE,21802
EjVLNAh7g3Jbx6VL1mCoGMEriTcfCGUGuXzJuuADaitP,21875
BrQ22cLRrZred26hnxMwWFLUYE5CgAckfhjpupkMHusX,21875
84veShYLCjckHLxNNr7t9PyMR2C8iZ1uayoTogE3o4MT,21875
FVopeUj8Y5LZWS9Y9Kv4q7xzULzAR2frpsSfDzfyYra6,21875
7DYz6N27bzWhW7FyQ9PeVL5CL9cMMJ4uAFSzqC9cK5ci,21875
2ftiApvUUA3n17eXkKz1Q7RKMyZbubdzQfQDPXPQQYci,22241
DGtNPgMkE7WkR3HRSLM9fLjzWSSsneEtFcFqCMNHiBmU,22604
G4QXikxhj9eft759Afzb3CY8omjzLj6hWHj61L4W1PqF,22604
CLQWSjULY4j2QrYoteCx6vYf3HHSqsWN7o9nxTiBWgfq,24063
qZ49topmZHYhSJpZRi7MJF5hF5CuEUgfBqjhMpx1mqY,25468
3gZeGVG9VpDEcWGfzF6QyH9ind5hNfVhDxnUG6fwzhJK,25952
7UNDDonexo2PEBBFZN3Ss3EeekT8DXfUEJmQoaXPffUe,26667
Bv4cqPxDpC7u29xmYYUGcdT3nurnerMZmbMSp2VANL3U,37227
6QCkPrmRiRAA2sg9W73VjFPURd2Bsunjfng7jZnPhxwY,62000
9KV8sKeic4SRoYfPbdb9nhDRSjLCRYeKA1dSnAWiZZue,28102
3d8aE42ffsoy21XocNFgJ17zmkApLZr1qHk4yrvc7UBY,28438
7Tnwoy2pxsWtECAr64ge3nQ5XTWCaEnHgfRGesHFULFc,29167
FHkRNa8DZ3VggzVP1Zne8ukJXbLAvJAdNG5zBWbgFoNM,65625
BfsQghcYsyABAJqQBkbAFjDhzeXFxw7kTQWQZML55KmU,29644
8dhCQ1kBd2446NpGbAMWjVLyZTt6sHvQbifnGuLvqAGA,30699
7Q6Da37idcmoVge7PMvuSH71UBjJLS8AsvNvn8t45rDz,31067
FAYSMedJLoiJe6LHEUfMaF7gvuNuS3Xzo3oMSbCeYSVK,32813
EK5hrmXSEtiDxKJHeBAj6DxDsJr7M3TRVwcWsuADQTEb,362205
FRGkdb3JccbrFGCLcCYdp8uzkc6BkGyfgKB7LHQE1NPt,35000
CHFARQ71AgFZhf3AQ6z63bd2nE4rzYN39FQyWD3KPiY8,78750
CnPurn9wA4iw6RXSgpjFMtPDoTTMHMcuPK4gUsemU84V,35015
7HSpW3FnnCGauLGF5aQNVTpQqP4yaWXbVo8gni3uKe1s,36458
8MCf4T2JRrToYA2QySwP3Md9HnRPjBH4iU8RsqvwyEFy,36458
ut3kkoqCkyrRYb3JWNTHc3DzShaskvp2FYRdSMpGFfo,473958
7Gsuczr3urB2kqTPh6NxnQ5xhU4JZ4Ji9A1xQ9RAPn5h,36458
DnhqaegErLgHrrcMa9JbhAUcoAp76xWMSwLTV12XbR23,36458
EjbRBXdLb4NW2mox249XQwjJnPhuzaWJrGmV66KMaS7p,36458
Ev1LydpMEe7pAUZdFvAq2UaMmaTYVPpN5TVJ5sf9gi2d,36458
CWs6ppMu1YWP3TxAKj8zvyWW3TuYrbFCmuvXRPnjiDoC,36458
542qcw3QC8dX2R9jXAk3peTxCBzKfSo98o4gdPEGEvjJ,36458
BZtuVKCELfLiGB8mGAD5Ae7GNN7VnWQmULjeskKujqfP,36458
FDdbBTGKNPfFQsmyK6ccfMyB81qtCbPNngQvSvzBR2rN,36458
4NoWQ9sB8FuEZiCLdFkJ6UjD8AE31bvWmWJDt92Bg4Df,36458
HNwwvb2Mj2UFnCBRzUJfXVmr8ug7N37YovfYTygGHiWZ,102083
4irMr1gFUM78qgrWNwaHjYrJpkA5TrZpzLeAMbpQgrci,36458
78SoaSuUWHgrZ1jKdr1esfdgHH5sWwjgyZU8233i5SHi,36458
64roXpHPfM3PRScA2f2vF1iwtcdFdhq45bptXqPWNMoi,36458
CgCMzfdEHZ8BYJkTPKDFmG1CCqUroXTdsmLNFaKiVD17,36458
BVsX6QyWBryrLApuNFaPQ9hXELX5jJBAbmGLmgTphcnR,36458
DCpNzTgXVz5HsYKZf8SBSc1CVx2DoZKmGQLTiT9ik5CP,36458
4DV3H4VfV7xkSbTcGkhsAfmyDczJA4gZZCWLqnWGER3P,36458
DSCtxkhcXCEZBCz9aSKoaBhvZVTRPDa5hXEPtWsCLZLy,36458
BhMRc3XA1wK9ux75BkgUb96WW3eCfN6Z7qN5p6LhLBjt,72916
57JxWTnwQaqSZqmWVF6rCyAqtDS1edJUmGzBWRFZv3m5,36458
HHF1mgjhfLSuGU59ovZ7Zk8NMj4Pii4YUttEKmkykQhs,36458
G4tuyLudTSEWagb8KtFkNnDrhJzHfxxVnppSwwno2QHE,36458
8vHYm1QJpsUj1QaYKD3sHybLiDZHoQb2UQ18j78Mh9Tj,73646
7nVuXqr6zCzaQ7sQsrhruKnWUrTi6F5d7AnHW5af9dAb,36458
E6saMrsL814QxNo9imMiCxmTRuQGkyqYmMJ4GA6oSHZ1,36458
9PL6X5zLSuJBxcqHh6be2b33tC5AKaJjXFwGvjjshrLp,36458
972XDZkHNxLam9n7vCY1GpnupCdYEKCHTiTArbYKuxxE,36458
FraPjR6qK8bU3XHzxdrZdwuirXiYNhUaXxTjJdDGvQkW,36458
Lnb8KgzxDHugrRuoDDYciGWx8GMdUcQrfz9f41iedtg,36458
F3VXtXdqBw2HWEFzk1eP2StkNTx5ymkuh5AhrScUAiXK,36458
4rRXqC2GhqBADkk9rnVrBaMKvtXWasUVzjAsuhU75ugA,36458
4qoVkAvn8VHgZheNRSQJmYJQhG33qGcQLNMbNN36Z1QS,36458
D7WFv1BcF7pLUPUfz6fpaUFDLbpTxSQAvi2cTVpv2oGN,109375
Hb5W3p5GPk2uPE94ZwVYaEU2Nwvz5VJ66AqkPKXo7DY9,36458
5WboYzTrz3jN28aymgdZNCtU4PRnQS9YdiwD3BXRBrT1,36458
7CoiS9aVetCFfhSf8mnPdTrK3pRabEjLzCGTUku474ox,36458
CiVz5RAc6pyQBn3XaWKbmrHTq9Go5m1WGrtozTTtoSLL,36458
DdFeuNTxnfnbMEwg7UrSZT5jKBnYw2mkqUYcfGQAfJvg,36458
B9eJBuca43YV6SJcvqzBesLTQHV5FdVUdHkkREu1dEqb,36458
AZk6srs8nKVhqV5KSWJfEEnSV6MvVnqyxzvBAk2BHACk,36458
ES2yYJAXGzVdonZXBSZL2puXZXsyTbRr4dpSUNLcihJi,36458
3kVCZXhWbK1nYn1MtjvnPko1RDoSpBri6ACGJUzDLKMy,36458
5pJmj4A4SwWSkHLBjmfv6HYTVg7zz89u9Jh3oCXnKKfx,36458
Bv9cJT7oKCSjWhSYVwABmWJU7ku2dAMh42wwKE4q8t7P,36458
HzNbyefaHiwTyiqyu4uyngibSZkczm8RvVgj28n9bRRL,36458
DFcRdAzgNpgmTv5NznfHK4wgtbkT6XHzs727HEnVH2yh,73646
H4LTsoYQ3Vzz9s7KozuMiKe5KheN8ks4buJ9X8shxdis,37188
B5TxsEMqEKwcg6dKK4s31WcppauQPVEY86zbQyS5Hb3c,37188
39sstRiRZsZCziywCFgv6iUMr9dQHJ3FUWwrkzTz6ozc,37188
HsbuUzpTkBbeWpiA1a8KTfc3d72hkf3DP6R6VxMLyFta,37188
9FFoVyMrakpZwy89jqo5xckhVSDpnAwg9pYp3QcrZvfh,37188
8zibsUVTqsjCWeiXCBLW7v4DewcwGW3xw9z2AoGaZfFR,80938
FUu6u9aGddvrs2pKV9LpE4ENkZ3K6SU6WhTqpaf2Mjv,37536
Ge2K7fkG3xdHgivdT3W3wc8Ss4x3UQA595WBGegJFy4c,38545
6bhRARRGG2KM9NYoWxi2NtRXkWtY8cAE7kavbnDtkNQk,39151
EjR2wpt1aDBY5sUUZiFFpX7iCotyLxyiiJg6aaEMosPJ,39375
Gp1UDvyuN4uzSPZFVCWqLRFKdftc2yFfqxgdaZHqTV3S,39375
7BcE7PYYPfLgBADBceekZwhj5bQvo9qp8vAicoq6kgGW,39375
4fdVdwL37DpgMFq6g59xPAqoH8wycEc8ge2fjJzUS5iA,39375
AgQkzkcFJNJg4eodCnMtmAoe5jMjwwxHtPi9DyNwrLUV,39375
9ZcQLcPg5ohU4gdd3jxiRGWLr2QArdwjLAWixTEySYQ,39375
7iiYfn9nLb4zNe4u7AZpTPqNarhgzjR8TnAStrHNt2zr,112292
H9z5vQnjzoy5ZsdNzb1VDLkCvtfHuXr5Jw3YzkWbpukv,39540
APriimJgvExHxH5P5Znf3c6Urv767iibqqiBJnoE7jZ4,39768
769a4CN2q8ZVvR5n5CefZRPePPPxPh24M7dSw629gHin,39789
4yjR2fK6Cg9VquLRQndtAJLpkK4vZx3cB8ZUQLb418D,39957
3uiHvbaGaPYnqzqKuBEPhP4ewnt4uf4L58cdPe2dfvcH,40103
AtjZwLVPkcY8MjwvNoNE4YudpHTuCr9wSYwganTxgYX2,40104
9FV7P8turnmeT2D4fL5F54Jd9xvYcGUraGsBvCaWdwRD,40104
HE7kFCjcrApc3tpA3JQ9aBxiebg8WV8EY1U74u8bu5JZ,40104
2RLeYaEWzFopGmJQFhUAuvgytRFbzs2nAYB597RgwAaQ,40104
DdUZTV1Qwg9HTNc5na4csUHhKtpnyJNkQMd3PSM7zL8L,40104
A7g4BfEww1ZnoGzZwghGCEehKXzrW8Kz9t4JinwVew3Y,40104
2ufquHMaT9NsdfHmuXQwbF5LPivLysfw21TjKABBCvFN,40104
7Xd8GnKbx2HPgWScqPxsETeECTATCDhmVW1mStXZeAra,40104
Gr51jaUJtMtVFnJTsUeG3fzqZWyCs9P4FHyiVomq71rG,40272
5kNQfA3WgHvgrC5riW8aKtY3mm8yYZqLfApNaREdz25B,40285
B5ooYpFrA5BXWKHTZdTmxXKmq1ZJ3dSs3GiEKSSySYoB,40833
C6QvbdXkbKCxQfAtik9riWKEGCnZGW8qRnLdydoEPTFs,40833
BTnGpzRmA7BUhPrQWVthtvtaifAVXHeBEMu6Ug7Gbuxg,40833
4VzmUuJCGtmH71MgJsPzfJshz5tReL98yrotAxykBqHv,40872
8KXLasUgJMnwTvgRLfqmPq9vFnvJKMdVREgNCSrq8A2S,41383
H3oTa9ukct2p2FnFHNjf72x4UCBeBCxyNj91qePgrU6H,41563
E4N8ywuG91YEjerYRGsNMoHQ6TQgMBGgpkcaFFkAGk2P,41563
2pyMEKo4c5bUZvS4RraGurLZpNMLnp7FLbDg3TdN8eJJ,41563
EM9cgSw92iSxv8LrZJv9Cw9ECNf8ZiiQBgsFGnZCdF89,42625
H1opcLH2i1QE42Ybrs7edKmZfsMzbR3KUjyMksRyKewC,122902
13Lk6yHKuVbQSjL4uoSfnTstNy5kGdZai4QNN7NxeC1M,43420
4rMXXs2wbNiSvusuTBCFwwVsFPdeZDVKcd3QUEVQFmDR,43656
CESjnRYcpufx18yyimzE5RbPA7n87UdzizwY4c3h7f8o,43742
5rvD55zzvb74FDW1XSe5eBBJGafjJSfHpgWmdDfMFMc8,43750
CTaW6ZEK8ZoE3aoU6tCniScBzbquECwbxs2akPq6PZva,43750
FC3jG53yNMDfoKzojYaRmHCZXgFvqdoqoXyRoon4HNkT,43750
E3ZSyz1trqgCkbktkqmkjVs9Le7u9R2Wt12HPHXu3guh,43750
2RcYp17QVKebQnJ5DuRZrWNjFZFEJkHV3rDsyfauhHq9,43750
AYdkC3RNDJut7SqSfMvctr6eBMdo274EKkFteePyRXQY,80208
8BS49tCdeLa4cffbGwCFZz4g7gEkYUNbuWAw9n7WguVK,43750
Adfc5DZNAp4U9KM8pXLxscdrUhVZ7pSeWppLwJ41HJF5,43750
9f9W4iwxq3qUvcmFm2XCred7HxVQNx1PvUPbULRzMAM7,43750
VAtPEsap7FLiMBA5FUXBt741PNMeyEUmnXEYPHNWYpM,43750
AXsCJdcNvyZkiWsqZKQJUAG662hRDJgSbECjsCSVDkYi,43750
9JbJCNerYBXsBzXsKBmQju9KnQwALeLoZGcPWd8vbQVm,87500
8vVtQGyVTp6Z6cyKR4RFYLgzLDdXahRXbMPq852AFnGL,43750
AT7zeinTpD1SLqXK7LSQvmcjNKs4E2niKQQ4nKnW91tW,43750
8Czzjeh2igeE7gSsbuuXVZUmZZ42yZTCNUZoZcCGRKdr,874895
3pXmNieWMS4EWmo7TQPt9SQTqQotWRmD944gmKQAzTG1,44771
Hoc42Br3hVJ99E3V7cuEqYy2nxXr9xF8jHEp4YMzKFZd,44975
73te2Nqqr73K9NXpDCTKDJm6hwz9ukfaqVuAQ9ypoUn5,45136
AgHkpLjAYNy1P1Bii6kkgUBDSkkLaH181XumqsyqsxAX,45208
7ccVtYtvzrWru4LbEecFVXskRbrN6q38iy64UrhR8ZeU,45938
2VBQAEGGHvCL7kVn6eomXNyEspijq7QZJ34hqmHfJhiA,46940
46Pukrjdg7PzGcdkd1YK6VArqLr4Jy4QbzUPDSPMNWcd,48124
8PXnrDWAFxhiWR8mMwSQFitkkgjq7APJGYCwHjhVicL4,49556
FRcUk1DboPCdXzLaCH6wfVWaUyAMPgZUAtYndxJrFdfa,50588
79Qay6YBSzDLzpsBeN2NR7uXmawWFQeYdeLwn2Y3CRgZ,128821
Dx8ba97UgEB95HbaGTe578qywz2mqho6vCQc6M6cKXvS,51042
3LLkgbittKZwmEHykNBAZWs9LHQiBPVQnzNe4zMdUzR9,51042
EVMUCzbm4SFr31w7TAiGCvv6FseLJBCUWaZkzpNZ2Tyu,51042
DbHVivvbJnJLeb1chnLTZ1Sj9ryqRjGD5suUgXzpuVyW,51042
FWW2WGfs8sj5qS6CNbBFmNLRyYSi8VLVc2AV71gVo4hc,51042
CrQTfL8TVCNjTW5ceMaiisKBJnLgvFDkeJFHMUNvGFAU,51042
3cpsjBkPQARjFgk32C9WDXXKZYpwZDzQ7bh8ihon7BWY,52698
4Jdr7pKNNMCQetBUmjApyn3vD74xwcSfYf96kLaNo5b4,54688
6UNqFE3edHiBmiicSLQd5yHVQtgGMG9RghMbFHVMoLkL,54786
8Zyd16pGU2c11MWiPyHWgtPGx9v9HFZeJs9jV7CG63iD,56146
FGQVGjm2W865jbqAv92rhAm9quJ4T9K3ub1SFzj53zcc,57604
GKkNxE88ZLXwSVuT59CpnKMT7yEk8ceoahEZLKp8dDTh,211317
3X8ihyppYUzsQJ3A4oqEZoKTbf1mEgm8JsdzRyDZPvvM,58333
76kXiM1tQSW2nhUp4jQJpMdYM4utc2cyMNg3Vbz6rBBi,58333
42hgkCnLu1q2pwDv1JH1wJ59s6qrPs76FiervYEc7GVc,58333
5sCqdSc8frftrYWTuYqXudkFYstMxLmYxSVzgqFKmLtk,58333
9Kmu3BipdB5Ya3iTLQTtSUTkjZpUqkwmTL415QwX2mEG,59063
7PWa7dYcxbDJE73Wp7dgQzVjcPQyMyBxmhiTYVXBi1nd,60142
57uvcW8wMUPioGnNySbrwpsnj8gj39o1NYd9r4vqky17,61249
Dp8nuC8knqGMREa123DUiFdm1Zy65B8UxRiMk2qmA4kB,134448
8gNNzC2A4ZnkAEE8tT78HTPeDZCaqEg2ZHjm1TUBw9m6,61976
8Wi6vK9Rrg9j5e3z5QR6CFqHoh25q2rsGXM98AjwXGYs,61979
AQa4RoTzcwdydYdenVsqhQ6NWBugBU3qgfYU2J4zqtMr,61979
Hj5Za22RxYF9egJt1u1C2HT2DjGQb2tciLTqxvFRJec1,62937
Dv1n5Lp3WmVRiv1dhwgmamKCP7pkrveqyhgAMiLsnb3f,63034
GmNudiCd8jPn5TW1oMvVNqB9oRbMzdQNeoFXRhBXCFPN,64100
5RjjRh64v6KxKhJcdaJciWU4BAW4LTFX3hm4XZLj7zvx,64896
FcQjUSZnXvTC3eEdqu8PmkNNAbAHLtrfRvYmddbi2ab1,65212
7faFpH4HKGaxapFin8tEtpWagpjtXAfKJmpQhkidaGUB,65330
91mvzaj5iQznrVxr9eL2br4QQjybqjCMboZucipGRS4d,66656
NLyhRfh9XyRjaoCLqPa8y9yKn4GqWodwGRfDD62gKTM,140000
FTs37pyCL6APwBWVZcPJgR3i5HKT26Rgaw9Q1JmqUVHn,69430
9L5ZvSAuza1KknWiWfzGcouMPEQ6XZzqPsV3ZFJDbtMe,71129
Ay5EBmzP2DKidTFkhGizX1dPcmLjS3g29aenkWNfNdHQ,72842
DLwjoTkx9PbkcETkvqaUzfDZzFWNp1XHVyxDhRnVe3sp,72917
HqCjioEwT47ZWA5LEKxJP8L1SuBxyNd51G7gCnMSMvSU,72917
9Z4ATNzAEC8PTGo8vVnzcumxiMghm6SNyrLmiTCFZW4e,72917
EoEMNWZDPz2z5bnaByYcgf1i4dC38vYbkUyXpeu83BYa,72917
9XBDAdppKGGi88W1AC9xUPvp9THz6GQsHM8VfGbX4tAL,72917
2RyyNPXUg9UNaP8u3171rDsEiF5ANZVvuEAnxYiMMyd7,72917
2jvdNeUq6XthYG86CrqDBNQnKLFPPDWnfhEnge1CNtbi,72917
333Gh748e8KCcm3EnzRi8nJnDABoh6snfdCm1GNdeL31,72917
DtSWLhRdkjSzma5XBmimvyDdWjmCNPniv55DgKMsJ4n4,72917
9biqSSiv5MYk9XM61NNJaGzezeJtow8rJzhpsMnZ4CCu,72917
Gj9jVCgVzDiGEYXvCfasS1pgrmrqpxWFqU6VocPRAVbg,72917
4WmdCX3AyAXRdn7K8ZWVNmEfge7Q3WZuYqevkLWByKWs,72917
EFLzVvZrw9FSM9t2ZA3B6iBHzp42VHzZb8eDcdQSwKpk,72917
HXE3hpm5U7L9XkyqLFLwUUR6iohZS6oBz8BPFXDR63eg,72917
5F1FCg8snZYjpFEqTxZYLP4NzfPyHb6Hx7795ptkchNL,72917
9PB9HqRwgNQGefwJmJfJudqBTLz4xi2yYaNL26Fox5Da,72917
xX3Hv2zLtWnguWie9QgfcBhinxTnAP4NVERxLhsyWTk,72917
6ZTkRrcmVU3cyN6qGqNcNQSFSkjEBRgU1PyCyitqsEYT,72917
3YNzTPySNG5UWbTGVVJAwSiPa53KeEk4LBYckdkUjMn7,218750
34iGVDZEW92Qoh5Ht5XVeCfTUnH9Vo1AopoLfgYhzVPU,72917
HXuW7xP7HzsmFwsUgtSD2Y7MxQzqRx7fHt3KaeM5C1Ht,72917
CnrLceQVsu6yWJcoF4Q2Kauw9CyVC4hdqHrn5SkK2Vj7,72917
DSVmXFoJnrMiUmj1nQKw4kEmHuntqRnPxMe5uDQCWfXQ,72917
4vUYbBjAKfAVaSmHakTfXVBD12APMzACyVKo7G1Uvz1x,560730
EesmxojX4jocqoe2JCqagtiexGK2XxzqFjha7jadG2uu,72917
92x4C8KqV1PSseQsvZfbodCKRUkybcwB26Rfo2CDBvrY,72917
CUuShvEKTm64kVUCedh9WESjyhxE2qrqVxDkhSLsjPsN,72917
HUKHCCVcthdxnT5McQ5MhVBz28HoFgMEfgeSQ7V1NLYa,72917
HEZRHbBPE1S3wXTqURnTndXAWBC6kRy7UbgcCVw7zm49,72917
6okLvms6XB4LFUF6We4Lu51W9s17RgFqr3NrPyw1uo1G,72917
12i13fbjGaGzhHUPPwbHuYwSy9utXbzNDprbjh8hkyNb,145834
2fJMAqr2jrUdrcGyev5Tr7xsnFsLVfauanRNyybvE1nG,72917
8xATJqbh3FzNEEH7gBkF1Wmyu4gDDNb1Ko9PeiEnrVsy,72917
6HBC2nWcGZcTLCAjjUVfUesgUh9UCKSQyUqHAbE5HuVZ,72917
7wPGZobxcTMi4egwJBGUZx5Kesoj5FwvZwinVSGTnxQh,72917
5YrA2GrRcLh4k6goJBLumKJDmdLwLPNHrt1yxvBoS3ey,72917
HdyACMXJ8hgj9irS7kJVe3doiXyqqWYYudCcrxjJfhsU,72917
2sMi1XsESGG9hocdHVtEKSWBkyBznv6gg3xRCaSx71DH,72917
FvyNbApBshv2ViJ69rAkXJa4w86kxj1PFzLBhqCacBj2,145834
4gjKdq9wSssTpkwNDvPWroJYxX4CafhW4fL52Zzb7uwz,72917
334FzoXjFRwzpS4EqoVt5m3GMRZySfZxy3QZbpawZcmi,72917
GkZyNQxAJDe6XqwsFwpwoV5YXLyaTZufLWiYXdsZtchb,72917
3MguAdXtJ7DvpBD8QaGc54ftyzt7WB7jbRA7379RDoHp,72917
Du72DXMGaop7ZWJehRJ718NFeeujHWRh1NmzayJx6FWq,202011
A1pj72op2cDohqjojGHpW5wtpRrCKLiQU9CxmunFfeBu,73004
7sKCHt2DCc7j35mJbHWQKa2TiFzVLngEwKzTi6qw1rv1,73065
3DUn34h1gCeYMcMPDFHZAWNZDNYW16dN2SANEHqf8t8z,73495
HydRWW8o1UobrWJJgy4zonVfe5ApRhAGfshsqHAyCzjT,73941
DM7iuCrZHYoq4afafEQh3XKWVTmBvfQmDEjTC5auMT3K,73943
p1BSDh93oroCNtdRyMAAJZ1pUk2BjGvBKiFRJF8BQxG,139198
BPLK7YmTFNwVdBn8WVqjaXAnVj25qmjdz518bGFjJ93E,76563
DQmqkoMetSkzxWnecZEF723PbHt9FPSETdEfXgbRYQGi,79479
ALnsa4EvdHN3jpwnkeBUqFDwT7vZwG4czmioxxvTbjtD,80208
57WXbZx7qMyesWTuCyHi2kJEN5GnRaFMr2GJa11Vxibn,80208
8WmuMjYw4hgqCXhLzvHR8ZSQZpEpSKbkHyipNES9T5YL,80208
2YGSXraxXwDXdU3Bssy8Q9mUXDWE1FpLEqHiMadv6yg9,80208
FMPiDcb5vcJwXnopZLQTx5cQZFU2XdyooGu72uhj4Lqr,80208
8FeDHBpwPPS3q3CznTGNQYBJdkwVRJtwVqvFEnfypFD6,80937
DjMwP1rXLDYkN6z3KNkN19PHd4qSq1z7849CDFpxwgF6,80938
FrnfywZuGi3JghwVqTotYbWLC8KK15hUDF9faMvNRASQ,82036
4CScwAVwpjJ3QLcKUutUjCXvjZsN6u7Jyi8cPKsWJRgz,82396
HarfFrpt5NARYpTTkSzHLGwdpZwyM1vXMo2WR1EKhUtB,83854
Fmine8SYtenXmBgZxDFdqcGqD9dSdDqUzQqu6AuFyzZT,156771
6rTdfXJTVfyc8uMwp71KKUhEV1rQto93KB8NN1gx3QJQ,83854
CQoZoKjHw4Mmqy6K9JqJXzeAMmAp7uxapL8xixCSCPbN,172083
GJZnhz7YSbvUv7UawCuRJ9ZCstryr8E6f4u6EkiSy355,85283
G3E77PwgUAi4rvfJVSoqYBxZBkfn8w3j9J1Q5awy8Z2y,85586
2B2AWFYxc8VXPHTqvupReidceczZbmwSXrwU9jXjcPEk,85797
AkokjzZyTPbtKNNV9bcxmt3xYjEtX17WVizj5pVSyqSL,86011
ASMmhDCWTZ4BEGkqkf9t4Bt7Gucvm6gGGqqP24RqpZsE,87500
J82uMx3DBJPfRzVdyjD78DpzLrpvNYzjKgq1Cnn7156p,87500
6Er3L5iZYeFNntU76ebA8Gv4CvZXB5wWbv2Kts8LLEzF,88999
FFGXEvvxV9uimW7m77Xuor2WZX55DE4r24hyjWjjr4K7,197900
65PdkFQrKXWTC4ErnuC8JF3qJh8ajHk1iUdxMQxKPZGg,258122
BBiuqmnSM9whLv3EeAPZiiqJKVmrSmtCtt84feTkrj5L,95484
GevB12zFZxhyvk1teTUA5FV5NPrvcHgwLa8Kw2uR2jto,97749
6NJVDJtCeHMT4wVUZvgWhBP4g5dmwXcmyY8An11bt9wX,98233
fCZLcZvmKfbXb3Ji18NWbe55Q5LCmh1eAfmsBtUbYRL,102082
Hm5XBNEk9Aan6TU4wmJhSbaeyd142AercV6SFuQn5vLL,103830
6chGi5H5QMNagkKTwsUG9TytJzFqsf8cXGGGHYWdrMQk,104531
6QzRha1SHXWJrfzjJV2R8K8hzuhjZywVcZUb9pnqax4h,104844
p3nb1RdmCkYyeTvd1MHe9SqNptdF5vtnL9xhUjjA9cy,105000
8BrDxLZnCH6brVK4eAnp7mRNAh8HpUMRXgzK29A2xs63,106293
Cu81iWx7VWNTPScCL8mkMmDVbMJnsdqNunpLWiPh6sDv,107115
8X1X8izdSmNpBNYysibm3tH3SNKKDyuvvoo8pDBn9BJ9,108646
5Eh5ARxFqFsgSuCDUgrALocjfShzHukkeeXyaUBrR7gD,109375
9Dpy6HB2hYxLZKnktoAHcMXGq5v8HcTQWHsgG4e6vYip,109375
8z86dbSAGYVW2mEEdCyajxxEM5wGo12JhWbS3z14EcJG,109375
BbJTHe827NmADkRXR7VszBwTdp57VDTxcNhx62FAcCYS,109375
GMsp9oZa78EkAw6Avm3gxVMHmD7tvkhX3yHmk45pETrU,182292
CEsS6gUBjJCThsM8t3FmZXzKbAsXVB7ST2nXmWwmPJ8Z,109375
9i6F3q5Bvt9cmc83dMpJubBrYgwhwTFXMdzAGEYxv9Jj,182292
5xct21zQq6q9r9MpFV3twZMipB6vFkgvD1XbyCDG9aLF,109375
BRKFcU2BB1xFEELTak8zSw4hZvHWret124saxPw5ynfu,109864
9ET9NBKvDP3whoeEyBkbjiBfoPcZNMMCAKg6vFRFgPqY,113342
BG9JhqFG8VGWkFvKSRrs8PN7ifsSt5oVEysY7z2aFVYE,116667
AbT9MoWsYDmnn3J67UAUznEMTWqFytENFUQAguWM7G8Y,116667
AbKfN5YPrTZDRi2TGt3W94UckG2uv9BNGLSszfaFuENS,117709
3TJuAzqerbFg2bFdvsUrHy67bReckxP2zJpZVaoTuf6m,117740
7b3MXCGVZJSMYSvaTXYUY5DDBA8rvzyshBC8d2ZXaahJ,251839
2gkPDuZdCjdjwBmwSH4r5iZHZFBD7nPbTYubc4VX9T92,118125
p8hxzFb2WA3s1JEFyyP6GriUa3um2c9jrnLaVx1iYDd,228229
H2FeoQKg9UZAc69LHf72dDv1Yeor7NUqB9NY3j5i27Dm,121523
REUgJ6GfD2u9prdbiXxe3xumiXr2brvA5TKJ174851o,121771
9jY82VvnJgTQRxcvgqcsmezxHbf6d1aSLu9VZ9ziB6zE,122735
8un4JGcA3PEYxeKUcbGDULPiNPKfMEAZ7RhQ6krYYf3S,123455
AzkcQCC8HDuRCw8vS1Mz6HoyZcaPxzv2oGaweH2q1rB3,123958
Ha9tcu6Hk2FPXfFs9VVGkMdTsDWgoa9YsTMeiY4otnf2,123958
6kbf7yyecdAcUHenpVdQPVZhHRCf8YYcb9GFqSqVtRKc,123958
Ep16iYpxZn4MTd7gNbiQBYpHaRDHhXMW8cLPyhD4QH3t,123958
9ncPyWzaCWHbAUqoksABZVqbKP8QoN6Nszxb4zwJvdZh,124014
Ghw7k8yUpw4CmG1rENHAJpE8dJ4JFR3891rBPjvezCt8,126718
8CRwnz3AWWEi51xXdBgocUL53Ph7LEYcHSo8LVGoXjpM,364583
CemfcCSCgWk4WRXzGktaQADb7SsLjzPK7DqUWfQKWPkq,145833
4eQK8tPwYfiAKxtCmpLihVbUGSA9puhNF5mzYapcTzHb,145833
GAkoNWQiFi1PcMACAxGqW9R1YLEt1q1sDzKBB1XVqF3e,145833
3PwiqMGX45ahChxStGqUh65EwHVrgVoRCorfu5mvdSNd,145833
HzemGuv1ubKU9vZRfnminDvYLtx4TLi3y8YWzyktSVQP,145833
Ec7XN6RaXNeRSgwcrQtZCP1VL5BR5ysZfVrJK4yvEHPv,145833
5fJrTrW3PKrXrMKY7FDL1YSZqNwUtpewxvM6Wa1doAcV,145833
C7dqDHsu8gyitrAw4MZDitbKKTeyeYph5vNhbj3iwjW9,145833
2BPp3jgZSmXrVRbwS12mNDWATW5PBe1YZxgapCWUpxSf,291666
79PYBziTjt1yujUgTHycMUmFZKTnsbLpecxmk6DMTGcx,145833
8WGBxZS8bN14wxfVJQjgBJWSoqXP314S8ngt74Hc12R8,145833
5bTWWXqbMPMBMtSvUWJKAFjxMu65MPhUF23CnT8FgiKc,145833
5T6o8oCiCU6j1MLwJtCti59gFL4TQVwHcutV9mRaz6uC,145833
8pg4kbxeBt5D7QFiGzmkFgugc3NtjFogBqkp8gyghGPP,145833
HJ47iwzcH6SUTrSEPQ8cSvzf6t4QZAdtETQ1o1FuA2d5,146030
2YYqtmHrLkeMG49EqTYWb5RwDU4yjhLf1bD2bZQxmNgk,149479
CXvTXYLGNJMzLeJTF76Q7dvp83Y6EF54FcUmL6njSZSv,153125
9KAd8YqYU4Ax9bezF7KBZWmgDtVeJdFqyk4XuoURqhF7,158157
3dgmk48vpwNc6e9hii6SzRzV7ynFRibrW5Ytuv8e5mXM,158541
5LBaomw4KHkX2mLQH6tFXswaVy5svscRs66cvKNFf7ya,160417
AwTuAmXrGCf8iJMtuJHRejm8vYCYvHgPGz5q6dbkdeJ,160417
BqtBXuCYezkog8JCqcWScXXzXz3bnHWSNjh943eq4Smh,160417
2KwyohaTZsJK7sDkia8ddapZaxodkHsS93k7Y5rXcdyr,166003
732pUbUm87DSRbZb3TWAZW9D3FWZHiEzxLPkDtSZc2Aa,166478
218kT96ZKbEMuqhgbLkDEzdcsVuQ26pyo779pR85xbrr,175000
AXpvKbUj8i67RW8tPiXKVugfKdaSAmBwhBZqH73W3PLQ,182292
E3Q4eigLbw3y1NjNeuP544x9znZphv3DpNzf6LuPwcEx,182292
5rTq3vwG9Cyj1WygAS3E8iX1iHYfR8EQ9YTPVBFdD2Z7,182292
GZLw5o8R8E1Nv3cLKsDjmmW7QbsSsnEUgYuSyZ9dBLth,188125
C5NZ4xBS1YYS1yroL8LWQZwPtqtiSsjUhLjN4UrQSWb2,188769
GywDpXF6xpjDVN9XizvXNK9idJ8U5nBc9X5cFByUz85V,189583
9eJ9h4DRuFTTAsa1W8mwW4csfiCeuhKvAPC7KPv9yKyi,189583
Uxh3s4NzsV5iqpiS8wQepgRDw5WVoFdHZrzV4CnTJSu,189583
HZZycdRJvAr1sBPFcqvpJTorNctDu22ftWfH14p8wMtN,190359
CwnYyE86vfKrH5iHiet8mZkiBSitfR4xfvi7vbabRkw1,417084
HSvdbAjRChHUJGTeMQMuwGmZT1rySE5AsFTbk45esJji,196208
B6K5p7PEJXCJ4mkV9wA2ZTeS9CjPHxMVq7eTejrGipbc,196356
3miyZrh6uznCjfnbir5xsrFitv2widPvn1JDpjkNg59g,201250
FvZDjX21qaCtaDuDyYF4Ykn7S6ghW7fKpwg7dKiyt7un,203438
6pkSHf62dSKZSaG3SPRMLYe2EfJHCPi9tb16QbYMic1n,204167
2wjU9yHMADgNvcDptA1dGY4jn4RuxQs2BZwQcCwn3Fti,204167
FigfASCUeNfxZMv8UQj6EsnJYBy4snWhKYVyhN2KUqGA,207813
CRG1M3V1wMTkoM7pfRpHpXJ5uZ9GTaJywvoo8mjqW9dh,212813
51KH3Bmno39RkT12viv5cbV6DHoqhRuCYNAF4uA2NcxX,218750
GQfesg1A3YduzpG2PSZKRjDEjGsJvju7jGDVD7fpFKYD,291667
9hdWkNbBfyzGSZBSfueMTNCpkTMQoSuqkregoGtueGyV,437500
BtNdKpvNtpMYjMGgzDHLuCTFR83yv4dMhrwgvi95ETjf,218750
8ES1LKmX4rBFsLbTzz53w9J6CToV6dvw9yEDVNtNW2Qt,510417
8u1bLBQvEXeA1TsDDntP7sqdsv4ur3N8LeVkvSwLCaPk,729166
BTv1xBn5BQudnjmoX7ficiT4gLVAnGUUy2Twd2HeUQK7,656250
BqANfnE6C75HqzgRXfD4bSMYF77NejWYRwxuwTP9KLK9,218750
J5pJAUyPXbnPNvgkERfsrKcJuwb55ftp2FVoZzwBy5Vu,218750
7GURKxNjcaNxqTqyfBpT4yPkPkvZVmr2m7xb2L34FNDA,219124
2BQXQ5S3XawioraeXr18H1hmViUuo5RAHwaMzmovhCTh,224373
B8AT5fCmTNjBZgh61WSJhWrrrKi8idFNG922PxCjEq9,225335
9hq9uGuHEhipz5fPMd6HvWh8TGDH9D2t2aKVkkjGPr46,226497
8fUn9iqrGrpVqMHorY7qZ1RG84bbGtJF8wYmibjWvR8P,229688
HUgfKycA7k7z2KyX3pZRVek26xVKczjoLzW9XxQ3CR7V,729166
9fLXjANi8QcJXK1mmxFpx8sShKRrTXGqxVxmQKWhAKTq,247391
GGbfWS2XRaaow5Yrke1Hj9p5GdwD4dJTUh254bnCgXxA,255208
E4rTNsp1oE1Ym1JJGkhSXVvmxLSwFajJcCCQ153NUATW,258854
3sjtAfE9tv1TF68NB6xUFAf33cohKXnh9uKJjAYf6x5S,284375
7NNGfsdxNaPtMzSRRSreSRYtamEQHdb2YJbNdNGJRtY8,284534
HjE275ABvMAwupyocAUdpCzdQjjiko6LdepzZghfKouS,656250
CMoPtFLvReWsTtgAedHbP8qfGfvfP6kg11cX7Rwn5UZG,291667
8jKYaLkTrruNDBoKo7MonvYyb2DcjLsPE92fKBMf26bC,291667
8FPjp5G5RAbWFjrEs8PwrQRRSDRDQnzg6ZVLLo1VGzHQ,291667
mAiDFhZxyverLrfNNBrw5cGagiFyjrvBLzo6zpd2eV5,291667
HUhwSVY1ddTjHwjrdscCDrnU64NBM7Ms3fmfmPcq3xpM,364584
3Jtptodg1yYSCX19aphVodTaj7jjHb17sv2h749ThMzq,364583
J69N1bWetb6ZDtNbHfGFWT8SvNQ7BcQUDCvHhcPCRMUa,364583
DBnCDSwLg2YDGZTF2E1ukM1Fc2xeJXWzkmCf6muv12Rh,364583
9jjYJnFWEgiGNaaSUhQY4oCYgVEVaezkQ6BemvtbaCUu,364583
48BdqRTMyuX53nTfEUJAfkkFeZZD7H7vLWTHXmiXeQgY,364583
64CRU3CaJnh17VYY67L9WCAKWRoVTdiEwVHekMtmoham,364583
DuJnpaBXoFiKFioBCVxsM6H7TnuBw6VFvJk4syBLZf6X,364583
DtYDJLSUvHn3fZ33rn3LYSWM1xFTaf7HcA6AwTgyVUqB,401042
5kHsfxnHerEZ9HiBAb5aaQ3MQbkGysjN7CGehGSgsKff,802084
4JugdoCfxJSwZ31n7BXmZ5GQMYXhDiMxUD3vEBd9TNmm,401042
CKANvfspvNPKKDaAUqj325No5pKx1gWMVCsdkHD1TzUh,402245
CQxzPhDs62z9JU1hov27mdk8oa4K2nmAUdSPNYmXoAFb,402717
2WigqQvC3xhHQqcvsB3Wp28LwqfH3MLkB6kyUehPtXNv,404575
12rXvS9isLSnnRD7d3piffFKSi24LRFJuVs4pdz9t1qy,408333
86mbM5aw8kPgnMQPM2tw7QzyYcVCYTcEXbywRjNvG6Qu,414896
AG7zhdyeV5cWvsANyzfThF1tjh86squ7KrhgMNd2SSoY,437500
6FaU8fegwCzVrWaYC86SUMndyHkXKFE5ZFdwYmP6Nvax,437500
HRQGsfvpQmL8dh1BjD2QV5s5avr4xgAD6s5rb6WJu7Za,437500
FuKyVFe68a1NbspCaaEo4NafBXkCsKo3eRR1T8uF2nH4,437500
EdSZVMRAatJwSpkGEmmt7mjbqvZHxPa196zWhb1gwvFz,437500
9u1sV61Rz4ieSw8EPqWd5aJu6XATSo159LJzQ7jcBzK1,437500
BiUt2dDd9dh7Cyhjdpws7aDHfqEGSVAFNSjbVoZPETDF,452083
6GUfq2MGnt1FMqbsRXi5keTmnympwXNbATZo1NKBazzM,509117
C1mceWJUeuXQ7CvY4yfHDEJC78yPUkTnaLK5MYWHJfiF,556701
5W2JrzVN8j4UjEnGAr3hXfDsJGjcuW4EgoEQ3wRhfzET,638021
8PfXaBxLMracjcjBanEfpPPo5DWG7UrTNzLCty2U1bfV,583333
81CXtNHXyZqrnrZAfPLYvdJLMTiU3k7Gt7gnhEYfrSe6,583333
DQfXcS1h37Mgynkmddxr7VQQEUjxfr77A98MUuxX7bkn,583333
8BzoA9gpqbcz3wFuEBbFVCQT8TLEtASFss5n3GWvBwA2,588169
C3wtDs3iFYvU8xn15jDQPwP5Q65Bx1ZGiB41bsMSqtab,612500
8oXTZqirCiu35XZKV1kz3yjFcZgL4EECqX3ukoQ398xm,680674
BDsSP6FkRVswbeM6QDpnHAEVcmdTBJAdCk349g2ue2ry,727127
BXi9fDXh1Ea1NGsVreGuqGV3y8pHjGQPKpg3mzh1CFm8,729167
2aUk1XwFfQEr1UgG1zR1QMgagUH51enBxX1ZCkQQY9Pk,729167
JB29jBxNhc4Go2hvs1RVzZcHFLsvTjMGPYZQ5R94fbpt,729167
9GncxA1rbDjowkdmGfYV9vWqaDy4TH4LaXLZPyirSddM,794792
2kK1raNx2rEN9VD9fuDSVmBvhBNtB8N6Dw9Q1xvMhaSZ,802083
3tNQPAXYQGeAVXsDGGtydmNnqXJaDttYqa53h7iPhsUr,875000
4SJC1wQ7LBDLJaZFh5XAZR7scUyrcXWYBJ4s1Huspi3Q,1424808
6H9vVuJATpom4aYdrhYzYyozYdb2SKxyd1oLgn2cmh18,1093750
49qE2Lu7equ2n66zhLqDfTPKHmKjqL2LLdMrGAnnGpce,1170313
HGnMa1RUXbo5Yy2DPA28DgTaUNPVJCWjcvBVQYWs1SWq,1458333
AmBNU6tMp8NcsLHd92JYBjWMsWcN1WZmZBSj1Q2tvoEF,1582292
3LPmd1EMv8sN8AWPtrQeeQC1eyVyUUqEUYRH8jwvXJzp,1604167
FwQZmDJYsPodcNWheagTCDarec2zPeMsT8MCYLvChGoq,1822917
FtqFNkwsxcM3QEcBxoXGp5Sv5EdR6BKRzVGFK3bafe8C,1895833
FZ3JpukpNBiWi4yds2QvdaTgwVUHP6EBykL3SN13mVjr,2107292
DUSLxKfjk7bCb4QQ3QXT5soz5gXXySX6mRhN7Tf9vZed,2187500
2xoB35HfvE9X7FJWmCRo3CzDrUn18dY18t3Cq8rZLfHS,2187500
BAQ7LV9ajiFj2VXrBr3Ts3od4L2ZGMWxf8AT4qaKFsw7,2260417
3Rfmvgjfy7DbvYbD4j8V1FwHV3EpQDoeqSq7xASWC9Ez,2406250
UGfZgwCirxL5WJg6rFp5BBeNPf441EWzs19cgzDm44T,3354167
CpS5nxzZMx6yYeby2eXTWQEfAaJ8gT8PwSsz4qpGKumB,6270833
GAX15iCxSV4RWEaNoS9gnyePkHZY6zEWkWiUkNYxbBja,8750000
8ikugMpXSy38cAyymLtsJLn97iZjyYSmBviczTKSYspd,39011
2BaWG54pCzWjx7u96GeTWEP5qqUg2dWHfpSWHrF4PtCw,36458
3W3jG6RmK8ZiEoFUKC3VcryvPPSXck9XLT8cEeMZTGX6,25010
BDycMRF4Lz36YMUPFnzpfUk4rCXNWgaHsNdLKoGZUdXU,39375
GVdeYy9YFz7xf3GksnLTyAzaJh4WAEgQc8wmsuk8Jm6i,40104
9T71tqnkvcHa5XYApXZbwFwo4qpzB887nQaKWo7gfvRf,40177
BpcBTcwmtbuxXoPzuBzigUuM2M8osHKW7Ph1ByHJw3dc,43313
Eik84zysty7Y1kWV5Pd89ox9zRmXzdRe68mQBCShqMtF,43750
DfkjGREfBGNrZWhScivzjGZ3XJrRyBN9vXPdQuRi8v1v,72917
9hL2XxXDzr8Tray9qPq67ySEhgS1VRH9YuqP4WEurPc2,72917
7zDBX5SfY36Wb7N51qeKDpe9FRPGSRJWmrHQvU38ETEs,87500
JDk1zJnMDpmAdkHPKMWcMvFCN45j61oxLd25tffDb8UZ,109375
B62xwnEAHkjK3KYe49c4PBig74tBXhcKKwkpZ2tTwnzd,109375
jb9XCbzwcLDwsjDJFmaRnavbQVpBRXYXcuvU5CXMn7J,145833
6PyLngYK6K6dAjDMkeM5uLnhGL39Y2qACExNcWxe4yV6,145833
EoEopLM2L661he2UwGUmSvuyQZ6RUYiAjm43p65mCZnZ,218750
GrSuNtwq7b2MJ15Da5JTeDogBccRDEbsua8bFkzqsePJ,291667
7qNsQV62nigAPwEbStzJCuKLKAU4jXfHdfgGWi7y4MRx,430845
EHpFYwgF9vkDUHYcDs2dCDb4qPDspe5ry2qLuTPTi3iy,656250
Fx4VyVKEKB5a98yd8M8HK6GteCbVYwLDfgTjCJ5zhJ6k,729167
C9KSmiYwwvUTFJcFdMMU2dxSYAsa6HupeAiKEx1EHc1Q,3645833
6SVtYCRLuSoaefuo7CSx7ftQDbyD165DPosmu8B13GQ,546875
5n1nybQ4ei7tG2S9PnujNj7ew67Mwje4deydvzWDXGSc,51042
7hcd1hF2X3cb4hRKsc6mb19ujckVx2Q8YczANJZkAN2p,43750
Gv6i3y4AUwLvbakKXYy9UCUuZn171556TuRREPrtmFtN,80937
AZMBxkzj3a92tJgtRZA43kPunPYFYy3z6dvDXX41ySgs,8021
ALxS7zt3KpkH99fxAAojLsB3pPkAXwYd1Cbrw5LRHhmw,60521
CE72RdmszqN8otxexuS1BCgKcvjmoTNZwU5i7hysxr5,121042
DXPCVtf5PndEgTzibDwcXdiinc2EB1ksoDMgEuhZfZeC,39374
2VYbzCx7xozpDC5xig7NSfPrNV2S9asppYPv7D2evtvC,145834
FBMGRB1rurH8hk7TWtskdpiypjosU8Ba87UAj8C1zGXS,65625
H9pZBXwpLsWo6uKWRUyVhuNzkcZME1RjFNbzmxJxAma,43750
5etF2NQTRQkt23tpdxacBVJLVWWVncGcEw1qvx4CVXdD,729167
G4R46YfHAdceU1dZ7yvpgkU1pe6Lj6RYnRJziZNtXrWM,43750
CcuCXeQTMgdSBQSTmLVXzoctt8NHdikUg8vdRmPnpq14,491883
H7shohspzGboJidPSbQ3WkDfGEv5DuSK9rd3PvbCjnha,81390
FAcaCyPEWR1JCNv4MWViiDMCztmcANARwnWdp7eLxXY8,199792
7QCJe97rF5Nhutsoutq8GauyGriUzWsbWfsD4VxLmAsH,36458
4PGTgxC2YLjzZTbNPqCNL78psAXvjVYhRqccqvLzyNCA,634779
2Cuvh1QCJ2ZihcE7SynxAVQEJCjA7Lsw3Xr4HeoMx3Sm,42544
8LVyvswa2m2vZbrXe8cRxsZMfEiCamBE67Kvqk8QUfVt,72916
9WiEfj6hcs5zBtEcCsXSQyX5r78zuT9aSW2d7XXARhGH,91146
H1SLBqGMwoAo6LdfmcCCb14eutM2HrFNrNcotmA92aqY,1458332
8QXcp9n2XwEYZQnLLHwT7GLL9sabL7jcWr52ZiwjE7VU,83933
528vFEsBTSRgKFcBg13iEqWKLaAARBxfh9yBzxSi9Cjk,198000
5RqgJJPVoYqKPz6CZEhzWf9NLmGFWreWY6sdwFTWHHN9,39701
e5VAdnRsQPARanbQ3Qq7zyRqM5D6UjGpDDxtqKBQKnK,74375
9mQej7xEb2tcVr4oExvTwmysP5LgEfoNSWNNem3gyTou,36458
DuV2HYeZdu2wbwR35Yy5zpZK9D6cyyjZVDzJ9hjuzzvP,40203
Br24Vt3zMsJqJJdgJw1kUe2Dhpsn9M3K6AEJkQGGo2kY,41561
8z3Rkt5KYoa9GXPVMoq4QqgtM71oza8vtPNEY5iA5Lvd,1093750
7AFjdJuwoqVT8pX3CbZPPg4NdCMgY9vDzi22c3ZiodZu,401042
26AAwBK8Ww9vXfepvHWNY8ofc4YLmiQe7Vpgi6yLF7BB,41744
5riSfySPMkLP88wGVVBidJKDBfaFv3mDmN3Un4DUwzRE,57181
7oo3yFrTV6CjjdYEvjikBm7ydKSdbUJPTs3PYxxBPQUk,145833
GJYuebA6FsudossMBWNsiL1NYKL4TW5dB8yA4rPaQ61Q,145833
7pxbYYx5obpNtUM2FRZDv3B2TcRUZUggjPgfsUfNXogh,43750
9ZpbhVLY657BRYDVpGGttizANMpE54TsSQ2rGeMpNNAS,67813
4vXC42HyrHcKtuZymFiJA8pnjoonfQDWg1h376QZ6iqX,437500
2KfU8Sstp9SSZuajqnQVUMBkFgkvXufwc2pt7jqLG4Ge,79042
GDVEyQNbJrgTEiif29A1jjuykuoFJp1NrV4tbFiMa4Ch,284375
5oP71yzM88wkBmfAJGJ8ySuEqBkHS2gd435sZVB4dsTM,109375
C2s5tqKiKyvRVnZs7MHyAZCof74MUVGvRfF85mkZPLcD,1403646
GzxqbbKktkp5e7iFbHK2MH59dKehD1Ejo5wpCZksvoLZ,2559375
ZqPe6gf3Fk4XqqAZTH8bcVQo1ahtFA5vUtmP1Unkp1V,210995
DBzj8Rjztw1VUaV5SXA1kSEe4ULBPHtjDDjMF4xNVNiC,40104
CqDWZgW8NgEiFB2Q83ZNRzcLx8Ko1KQrsQuJh7U8yoNQ,218750
Fryy3jqcLBQucCm5SnDzq1W1WyH8n8m4WffqwWYuM3Xn,58333
CiAVg76nAwXGC7m72NWWKAsrdc9h9mwxpi5ZNHH9ZSZu,40104
7uz2JMdXQDnZpJ2aQ94kqMCvYYQGUwwETZcsp2dXw5Z3,36760
BQSbbt1bzz7AYiTSk6pHjmbmBvJjLdb1AQuqBySY5MGK,212552
FTS7TmcodXFSbZp483XC4sPzN3ngXTMEAmGEJHJ3W2k3,43750
9gAbPkEfkPW3Eo2W2ozwLrvtxtbXBhV9eBAt6GcU9cJK,86771
5g8GJnStyKZus2GU4ZyURmVX149yuEaFzssMp66GMRjm,729167
GtQ42Kmq3S9jSo2yYnCpPZ78PEAt5HR7Mcw1LKGvQUjw,36458
RWrjNe4FBCWgcDUXkbBcVWbASrBukmpmWYq5GcNi1LC,99969
5kJKsSFcvsutg4cNp9mfVVCWY2anr9woQ5S5HGyjJviV,59792
2MSYd5bKunioGSvPUMZ8cJZTY7MtwLJ11amfuRHXNwpY,19887
HM3FeUeP2rxdkm9hSEWcbCrsfiib9gx2Gs6EfadUZmh7,19688
AAFL8LKPfmVUFMuNjpo12cNobTsyiyeWpZij56pkN4Uw,2041667
7fRMDx5MWf5EvHxDRy6f83xUGMgGyBTVHXN88tBsmCmk,107467
FzARRaTRx2hxG13YQfTe8vdnXYu149iT16bf763P3XaY,51042
ASrEhXRPoz2zmsGV83KaP2owZGhVy2uGah5abQXWSnU4,36801
Cx7to8qYymF9bxb1VombdvoABdfmxAMibWQnFu5gJpZJ,58406
Dcq3S6LY5hEM96WN7vPtY6oTWru4p7c5kWrqiVrxwxZX,368259
9AXyAPxnapWRSzMsWzmFSsM9z9SRRZBPiieRqkf7zbZD,605418
kTxWbawYEryvTLV7JxFiYrKPjXxZ3poUtywwBV3BDeB,162240
5WJQmLChSD9FzRWsc6qmcuAfjAN7K5xCXfXGuVs8zvnt,145833
8kHhn2tNY6LEZrmry5uUgrYyRtCNLu7o77k8zWmrC9Tj,91146
HFLqdCsThVRFPmL1fTagNfEbBctdwhu379WnMvUpUR2a,39721
DiXxn5qLDoB32stDSXa3os7upPanUCB3ix6AepEmf4v4,79629
5sUzhXAQn9ZRi53CMLENipPzqPJkJvBnBcyggKxZrGeN,145833
H6UixmJoGS62bNZphhjh46p3nzGZ8m1oTHGxKoNHHmro,41829
8appQNHnq5tZTW5RUV5dXN5vsGLP7Xg8SZSaz66JbMLx,291666
HPkkEtpx92ucJHEx9vZXG7Nc4cr3siZJ5VdZ6LqTMBoz,138542
FPkXoxH13ZXbqSgJuz2wvWzRPDLToyadomp3XBoVagnG,72916
6NYuoUuKWPBPzLzRxqMGeFYh9Jw8XPb3FQECxuCdHHJ9,100625
44CGq627yaNX4nZ3KmvrvH7x3dzmtC4VPzS5hidwvP3m,36458
48vniEeVPr2XB4fo4ok9x6JH9ZQyoGd3vnczGdCHgREG,36458
DyYzcHnJoRG3BjCGC5io9ZmYWzRZKBEXtfCUhecyWq8z,277084
3k1YkpsXLPBx9nJdCSTrUXHMBzg2kqzzj2zMbvwyVL1c,43750
95AJgP2eDukhngAbwE6Bjdo4N6WM863c118jPncuhdHm,109375
91Fb4Wo1ipk1AohZWjNMZvHi2cPYgYC5btB1Q6aEDHiY,43750
9ZXCG1vKEsaYTyzhbTU3QU23p1JrwfWMFz7qEzv4dFr3,37552
DQM9rVQvvGxWGdBoKzMGKCPxB9VRvYMzo9MWkjBczNhz,215104
75A1wLs3T1CemmuobLY987BVGYgc3Y6aSjUW4xdUj87E,111096
EQ98D8iVth7GJuzmhfPbcmFMMd8mzCnDXViQRhTegjQ3,98000
Ey6S6ZzjqSWEtwteD785MJJaE3dGjBfUvUqdgH2KUueq,714072
A9onzk5PBXbasmL1MyWXneRgFm6kxWw7Y3HXmUQ5JCgu,43750
CLqzAzQpUZeBbVnjqLnKpdJAKuB8ybsJW3sjYkqDY3WY,802083
AgqwPrFXBTjfcENcfbpXv4eZepxFap1Xd74PFe6DsoUv,36458
FHuiiTzbnAkfrTD8h7D1Ur5w8pA6i8fF48pgcDV5NiVd,429118
2t4deSbNR8Q9RrXkdGar78dL4qoRaZe9PNHDyvSH2HiA,51042
3vab33cuUv1kMdjATSMHanVNTKqR9bdrzetpq6ow2Xwv,72917
4WpKfqmdQYeSTG18dVhUo4yY7sb83ExWLFphZaRD7sP3,201031
8vqJ8QyBfPw8rWJY3t7pnK62LYYpqSwpxcfb39cZqmnL,36458
8QimB8TD43f7eQNP46oAViBL7jEkSDVHQ3wrns42a2jR,40104
817FntifTgzbDemg4PaVWWm5YHmT2Y9DbMUvdLUMYVYQ,43307
g6NFhwPEYaT5hjbJy2rhCDi8MsDDzd6vjJLf6z2UkWo,156771
GYE8P1nmzese5h7RNhdjf2pkHSuED6KUwZYtp59KazGT,255208
9zG3qyw7ifLrEfq7DraXVkUSyvUesYahe7hx1R5N2QmX,218750
B8MSYJc8tJxpAYtNqBKtPnN8RWq6eCDJ2aZkK1JNV6Up,109375
AjMDJHKtkmeg6nhnVEZuA8qhbXbKUjJG7Kp4GaXdhxe,72917
8yXoncjDQnrU4kho7bpmfGqXFEEQQ7Tas31MzMojQt3u,43750
Gw14aqLSkeNyckZVMVKdfUajox1kskzLnNc3aahn7Dnj,65625
AfjTrPLF6Hozn1CC29N4Rzd3rMndrNykVG4rsfpqkPcN,83854
9b99UckVxepc3Dji7bPgbTEoaLf2E5TAfqYVExAmPWgN,204167
4kk2wv5BwzeiJMTqc8hhdYCafAfUkByQXVuqy3TaY1yf,413146
GzUe8BDoXPyV5WvWT2kqFdNzLkdXXjUuTuzRTbPt7jbY,84219
FikD957A8kSwMdr8NXkWtPEQAC1NVCNUngyfGhWESKWd,182292
AfFqdJ3oL4jL2DzZ7RaEogcJQ64jwJ14c7vCXJsZyus1,291667
5stQCbh5YJ6HcYNji3jpvSspjqmigwyWEcNerjjrvE24,41764
UUeFkqsxL3D5v7FSYxjRpun2eNTXSsoGN35cfwt1Dn9,145834
9gN5hQphzhAynn3EehiABLGvVmBttWAC2Gr4MDycQ2Bv,583882
9775yBftB8eeEGAEXUAzsiR9LwLGT8K4PyadqQyrQ1rc,145833
J2MZXgrEuaBtm2gkwRVXgYjqZsJiEyRRTUvdweuZgZD8,1050000
EZBBtJhBvyxNP6qY2PxReCw36xTH8oa1siczJHBAE45P,40104
7R3JuKAYEu9KAer8eu6t3NxUktjsBkjxHNnezznsttu2,58333
G5ZgrA6TuFJXyNPE7K9xRum1ppWufh9vTEJRZcxf5sad,36458
AxcVAK59LrMx7pxPwBUgaZkg8TGEQSE6yK9vMCE8bcsC,48984
9yiBi9nCWNndgzDvvZtwEwh2987QoKng9tunBEJhNgbC,145833
BwzTm6nTVwtsBJ3QU84J8aHaMKEMbQ1jMTAHisUAjSpy,138542
GfHFcffpx38BMrtbPb6uo1H9TVyzyAnfgh5MvWXZ9v83,72917
HnUrqL4xsJg5opMGm6WuTQQxsNmCzn58aUj724WYcHTv,182292
93e7VDPXpnZbEvT1jy4dYW4RXQSK6eZXF8DVYLho5ezm,72917
AmJipVU29BrPWu2tkhwhpyKo44HtbRM1avcRMYeFC6Br,422917
Ec7LAk9Ndvy3aZaiUZiUBdzRpsrudEmhuohgEV7phuu,131250
Czi1h1QbDzL31ahHfQU3RR6cU6DPdEDvFeaJsKN7Jvou,87500
FcBrGNogQdPRDwmdvN6yr5WuwrAaqkjJnZMgv82fukdV,14445
7MuYgiVZHyNGHiZRzm9SBPfgKFpy4QbZV6wauLpphXgt,437500
6ofztZYM4FzEKvaa5yg79guEs7bFomn85DqeTZUhehEB,58333
viz5Nb7Hjsqmv4kz7YBHKG38ecNe451gdR7WbGY2uJs,342708
svbsUeeEoohgpwcXHUgeUNdjWsrFKa6MmZgMHRYzrwN,69437
RQNBTBPPH81DHi86H25APEbW4VgYNESzRwLyPEhNTK9,36458
AAkBhtAd6o2h3sBLNcs7PTJ6XDQfD7B8csHgFgYB1X7v,59791
5JcJgdqu7siHWvrK5cLTUDr9bQJxJQwFy9jRUtd9ApXj,80208
6PhAa523JT481b1xZJM3bJgeHs9fdHW6ouq6hTGnWmQk,59792
9PjX1M8AYfE5pEjVDaVVEPukyMvYdU6dabvCqmKbwveW,87500
8kNN6iBh5j8aUWw2mJCc8LWhsMA4Eh4kk52haHKijNX9,43750
H8asjVks4QWxHnKdUgU1GUi4eBuBv23oGEBpWULLzsWL,39192
4Z9AkmQoKaGrKZgy1kVKpGvSHBgt2W622QSCEVxhzSpN,203942
8vLy73mENj8k3QU2Tb3pBFH8FtbPWCoEfvr5Ym5KDucM,38744
29uyx4RYvV3gJLCy3CgVFYVsW7iwrnhhSAKQHgkPc4Q5,36458
7tFn7nz2DHn6MCawgqYkZgW9ePmvRscErKbJzQhhyGKj,43829
2HZGZbrGfBhNNRkvbPq7rnJYRg7cJa4Fa6vyjsmaF9yW,59674
B7BCnB3P4wUfcfiU8fiRhXL5exDbr7mSHwZKTNVSFmKg,218750
ENgmMpFbT3JNt1qcsHsNaFcaGLrUvRNyRiH9duWnTGpu,72917
86KBqnpExYuxfsQ4NHVWc7a72LKCQ7Tyzs2NTuc8P55Q,43750
2w2ktTDQY4c4KUiMvEAPeRCYNm6hxmvBwdZCrNvcr6wU,291667
GDhc1kTBrmdaL2jpVUQK1SFr4aYWjTuSqTF32CPjPUjz,36458
aqaZvDWrnxP77xPjBpnAkRtWm5qyvVv2Xov9Rmm3okQ,105253
3b4xHsoZ1cGKvCe8xgknkfcxbxcpvmupCSxDERwjSFQy,111563
4si75qdwhuMSW3yHeViMM6CGnuqvbPLY6DyJSW7C4icB,1458333
4RQChSnFpFBnq3jbFrxSFwgptxp9QYGnDPPiDtnvGC8v,802084
bCQbq1h5TFkKazpMyBscb2wUJTRkJfrTPLXaN9NjYg9,70000
3kmt7Xm2aks7dwgrvtM3vSWB3vDGMKGqGMeyNSsnq7vc,72917
GbBFEkxco6MitCXEHPFNhkkDx2uLuNzro72kz1UW5hCT,226041
6EEdovu9ib7nKGCsNMWDRvgx6xXhaZPTgtpzB6RwPgA1,218750
6HnyWtJbiEV3QHen3bUXZrCuCGg93HpwkSZ6UmtCmAAm,18917
14DUqNr56KQ94iSMZzW29iCD8rXZ1usgBwuWCSYpqgsJ,21875
Btuqmcr1XhpV6E6pBWNpVyzZGYPJPsoBUwNzfwwGtAU4,130521
78CNzXYBUxBHhzMmi4sxHxCDXjvmC5tyQ1C3gAv4UC1B,291667
17FDYy5NMfZe8yBys9dcMJm9foae5EPfccZ64eLjPtS,2627442
6mJkZdFASLBBbPo9Mtin5x8gkfYzNyZXGAQ1SV62VnAj,21875
DTmBTWkhB1XNiBfHEZUiPeqZWExHeFpatB45xHo73rJt,12078
25Pem2ezob2BLmMHSWtxvpRf8RZkWnxUsPCbvKiibSF4,133596
6veDDbqkzqabW6Lc5Zp6WAxNLhciVKMTDm4LghiuS3EE,437500
EZeuwE8kayRepcvPWEcR4qNvMbaYfTE3yMXb6paqEh6N,85825
9HDTCMTFewfWMT3u8fMnYFufakzcQ3AEobCSjeQg69dy,36712
9SJjp7BNNz7Pyd8rpu5GP5aJT7AmXHRgt2EmtL8L4aqv,23114
3rYHyjrFwVoRGg55oDRjifs5N4UJwwsmWZtpm2E47bNc,42629607
96AoL8Bd3dfHqH8PCoHsykbVwxikJZ49fnrT28rxYM7t,408333
3ruEn1xAq6m1pjLJSE9uBQWBU7R8dpfpxLPaJAqdhAyf,36458
GpSU5xrCbaYQwAJMxUs7PLUAofXpUDXT8HqH1iazAXoa,72917
DCZm2G3zvkvxFYMoUAFCL9nTtPbF4EK1mQHrAAdBpyF2,94063
DrwQaCfknzGYK9b3GzWzMW8XHtfzWsoRBQtbQ44aM77R,72917
4GsdW7fJe7yuVbtZPcX5YeEHMZCc2CjXGEvv3EgcRxjs,38934
6dhHnyu4LFT4teTvtG6czrUX54e6ugwAng2Ae9RcWiMc,40345
3qTfhziNCKFGuEaHPi1UNsCgLgjJS8HDmChBRwcWAP4o,43750
EeZCDgtpBWoPzjvWgMKvbG5PFNp3Yn5z9gGCVx8WbZ7K,4338542
EEApSKR7xxSpg1Nx1WHuvwRreNhbRDa5kFtwBPbPWd7Z,40542
GTms4CYgH4dWhkYt7yn1emopU7sgG1sER8odTaoSjwgz,36458
49B27j66dCX5asGnitzVfF4ULW4Av1vDQSWwx4AsUupx,167534
EMkQ74DpewDt7FkgwJc7dtif84DZebXfQLDjBatEDsJC,80938
79WrFHmeLnJPE4jmSBopyJrTAaqQcTUHKWEipPkExSk7,109375
6KnqRuGBPUGzkGQZjz2gbzCx5AqiEySoZbt9uiw6oRhq,36458
Ffg2UrrkF86hNsdZbwnq59gU7s5Ab1xCi2JzqYBDbvSr,37188
Es3sH4NqKinwDFePaTr1WsCWyLCeB8zxviw9L6qVP9s3,72917
4bjnEe9XhyJWutCR3B4zP6ufSQgdMgie65J8XYxLdzYg,291667
FpiCZnGM45Vws31kpZ28ckFfGY6jbyqqhBMjwDKTpDdu,55711
9WNrC4VcwgRByRqYgdSVeUNWnUn5iDK9XtGhKLw2jrwm,53083
4HXhDUx9pRtniXdBPZMhz552mqkEwVzP3ygwfgjPioAd,415804
FSNTTM3ELmcAK6uQgbc2isXGzuB3UHC3vvCSs5xoJpHD,412917
CBU1FBXPCwS24UZdcC5CTaEPheCjYevP6rqMPw1dXWpY,434583
Ao4GMUM5aTrjQbNA72Nq3Xpmq5WK1szH3ys91zAr7xmZ,88948
FhHxV3TYJtyAZdhQhFmpTmwHUYgSS6KiSzuJkJHfPJbX,72917
3BBGM2KTk6xjPrvcRfrTTBJK3vc7TiC5xt3b97wCs6NB,39699
HwFdXXL2mEn4ET4A4UBum2eAeZMaB2YA4iaG2XfTzrxy,72917
AkemKhnvLW83LA73TUnw6jKvLmLavyPPFMggnJbfD7xn,36669
8JQ687PNquDS9CMZfhdw1hmA2DQFRPvR9Xge7wNBCSk8,43750
Dgrqq57apCt3pAkDRkg9sZVP8Eope8sWGyezkhTRdkz6,145833
9mPJjFQ5gggNzkEUaoX4PXuKYLEa36vQ9hmTtSgGELJ,145833
BaBXVVMHr2h8eKECNoXcqh4bj6pmVVubeJNCAWNG7qXp,40832
AHk93HFeVKfookbXEDtJE7kc4U7xGG35Bmkt4mxa1MuJ,145833
Fw8KBMerC5jBk36TSR6Uj2jVNz51nTAjdH7xyCc94gyS,809375
DgaRUVzKiGyF4ZFz1eU4t1j2kbmTkLimaFS1aBncSZxU,80208
9m8QAt2GwbiQZtiC3GZzNDNGrj6UTFaKDmu3JfVAihuK,40104
AekzQkjpDpnoLWR7xvEdW5Y3Jx8xsxN8VTjgLVgZJLDw,74375
2UiEUEKfoL4WPLqeV2g39ux5NzCMeVdYuuKTF8VnsVQd,43750
5gu73LK1ZxMdo1e5f9LHhQgJvouRsKSpjQgu4AXnMAUk,40104
FsS2AbYNKSxzyoNjFq6rndgJhZTkYUqz9g843ovAm8qh,51539
9pMrz6EZTUXx5Z91UtVhTzba5W9h5a6epU2hZ8LYqHBg,1458333
L6QmWSbTn5c9mbufJH8NdXRLK2jbkcF1DaKGH3GyVt9,218750
PDzUsRk6rP7846ZWMCWF9sUn6q2NfZzFudBvuBppnz3,604188
Fj8MfFzZsCXsdCzdUsRYtPM1AetUbybj4LwsPykKwaWr,87022
GiWhNxTbWoRfGz31fVUxdKejxcTvxCU3WW6n3BQaqkwg,218750
FWY164DmHLgfJqmstpfZTg4pcGqnwfHp1A7g7papkKCW,2552083
Hxe4v5sAriqJ5hDbn6Cx4DutqG6wxBYewT2HN2bVJJBg,49205
C9grq23G8c1jXyMKecqAGqorRyZBKHGctUGyAjJLbJ6j,36458
newWQHoZo8D3jds117h9wCxPkW8nSenNMtLSwgBm6PF,9585
CXTGyrFUC69A6EkqLFB7STHEzSZEHQiNWDeEWrd6audt,408333
4dnQLwxet3xCY42fsKiyrqqc6XbMydCGzuynZKrXQg56,43960
8BBi6M5ig1L3UHNiFK3pSkG3DADt9hBF97htrfWFoUDW,145833
6AX58pkH2ubG2VyNWwLxnucJZuEQLLv9vVzcxi2y2RGc,72917
hKjKv592RbSxWj4juo9kdZdERoxJWZgvMLFCZVXHpvV,182292
28ujXkGLGLHztLUEVzpKRwkhw7PxJH7WJwgUYgPY9614,80938
Fa8HAnXrrAgPrmaZASAYXRQNRzGVi5hLyh1s25pRwSfs,218750
GthfP3mEG3iWMtQkGdokzns5eVxCjQYGyQDG6kGYrTiy,36458
7gXAsHrc1N8zjFPBDMxfZoVCeqVRgWAxjGUqiK77xdTc,41756
QiXtNu2tSyCMVrf9MmauMSfP2MHokn183hpuoZWqDoo,10938
BYiHz6ci7ENW9CBNmYTJZB52XKDNBqBeYYAfQfYNdDX8,627083
9sP5RCfXUZhZVjc29QDxFuw1Hc61z1vXD6G9h9uB3fqt,204167
Ebo6NBSKRq2gBMdD87xmD1f6ukAP7j5A1gHH5C2hxriK,50946
2ziKnBDgLeJNjqMAbPEMWNaUHMQ2ngEJC8ow1uB6i4Hu,40440
DKLqGsS1c9Z235K4ojMAEKyHbEZUySsrneeLkyXpbggt,131250
4g5h4fry65u4BMmdVPeHkKJhqxQhtbnAcDf2WLpbFDek,77080
CU9JrTTciu1PjZ3Lw78cW8mCKhWnYCBCaWXDwcSt1oqP,180396
HMLezTn2DPoyBpzwMFmjSsHpJZU2UWk28hFSMUwJ6Exo,36458
8hDcPVfn5hbidwZidWBGuf7jg9KRM4MWwCXXHrxw55DB,685417
2rpw4Bdmnsy7Q8UPLDDKeQodv9Y2wddQ1QD6tqdgnrXM,72917
ChXDafTRtJT82WXdUr6yooNWDRMP6iLmV5QgEhuW1qyy,72917
FYgrDbU2992jHRzGM2bgPZDLLbkXz5LFy15qtzJRzbYM,58187
FiuYWStLpV2vwDBAMZxzwCqv7Dpftaz5v7FYefCRXYcd,73133
duj27PSikZVhH62So8UxmiFMyRgfqVKzoLF2S1o2VZz,1666673
AcA9hir2gGqoTQPHhrwZ7jDb26zuiB97zzwNy9TLyrTb,83122
9G2Wq3tfqbpe9aNdvXfLL1LuuCUKQoCLK9jtRaTdjXQK,401042
EEnCtzJ48xH9uiHCZnQPE3f4f4WchskUxAscQ6KEBxDE,21875
7G9rEkmQnHJqQEm3AcXY9jKhTnFxT435dALpySvoLwJ5,204167
2yxY8aMZaYi8ptZGmSJQmZKgZM2dZFJ6May2nSaonvYR,37188
8Mp4zqFoz7R5C8EDtaRGNkkHvfnGPGswwdpxwuCMBZpi,36458
4iAFmJNN83XPyNahMK5YmLfQb5R6edpuaYnAccRui79j,23333
BNZwxXcGXyN9eeg4Er6vDNaFUFQh8ZEHf4SZmPQMfs3Q,1186648
2wjuzwxaTJGtYz1WPD4vMYAvVsPxqULVHboRTyDMV2P5,8775
2LEbNk48yANiewn7b3ThTqp2YBGVHrrUnNPV6EYGeNzE,36458
CFA43m6YqvAeaYcDwJ4GjvP89FkpAzAsTJzinDpJr6tZ,43701
ARg9HMXVkiF4iZ5HXYMGcY3MQByqsQVLnTMSfhaP6neL,40476
C9X1pvga415Y9vRe3ZQrtDFW1vXB27WmYvMtxjfnWRPQ,339792
6BnNRJbBDcqgfnGq8TjFNQpm5gAPLTeQZsEBqCeeJGVA,265574
2zCShK4QCfM1ZtfCNDfwgH5JUx6twUgfZLtKpqG51jW4,40833
ABxkwk2tfzqziRrx1JChPSJHiTHv3SZNCvMMCmDmU23F,40833
2X4S8SWr7PSCtQxTmBWqLhLfjTfcBM16NTYNCowcjd3x,437500
5mT1JbFUvajSHV2nF1Bd2kvuzndQ6hMGsfCV1zQwqFb1,228766
pxEQYDEzSqKASuqEzQpxwLuEB5ZYCS7VPGx2A1KzPwS,364583
EyGvrgyyEXNpumARAt2JzPx8VzV49qMfosqiRwyZAeQf,36458
3Pcrgz9dzPSDy7pbpjQ8foNzzZaWmkb7gQVXMP2EyEE7,798438
Frme3AtKpK55cm4xm88FgWmVAKEGZ6q37jLBbr8F67mP,46317
24dzmEBdiA4aDYL5EnrwCqmeR2kjCjG3CtFmnfRUzuWf,62708
6ByPLr4SCoKtyi2TSfZqCFSGT48AX3o3SuhjZPyaKSVk,72917
2v3fAChXnhjVWjk1kJtcpY77doACJKL7CDf2HNYQ3PNY,43750
D1nrvnR8teRJpstMNEt4xe8zyfWzZRgYoxVtd7U455Ck,40104
5c7XtXYo5rYihsh1e7cQSsvGyfAvtkN6HTfcsCxCLzj5,36458
7bc8TV8i6fVejBpXV4sqNuRRyKeSSfMHhmPpemnoSPru,58333
CmJi9TnneotsdkvRZMUWW3kmaDjrsXN5XiGqssvs7bZQ,145833
EmEaSgFmw6dctd7aeFGCKL5nF92GKUowpT9tRGSDkovA,43763
Hv7qHgbaPUfMN2YH2WcxYJt8ANbtP4RtnMSuUWgF6Zj7,87500
GErczrzxY2j4h53s15ZwWczpbt5zDCbXPEmd6gftuPjU,80208
BfTBGzDXdpJJ7Qd81FkuHhb4Z3ciXHSkqqt1o9RSVeDp,207160
2BLbjs9jxcPgexnTFhM5mvSmV6AoBMz8dAHBduDsFNYA,19688
JBci4NfR1D2jTYEc1aN3NY6b9Hn9pFmAokLRbwpL6Af6,72917
4DXswopGHkKjPK7dW7eFFDxSKaa36TX4tuELdFEM24xo,49772
FGh5MJyTzGPLv2mAYV53wX9PBgtqsaLets2MB3xzQrao,42292
G99QNxjqtFcjfUJxAa7hgH69DEKptCGTNdRhhhP973NV,34827
B4Li8vSXN91HAFckRs5ByfHBon7dooR7VVFa81UMamYF,48412
8ZL15cPnX7n71rQ2LwMZrcsaomuSnjQZ53vUzB3RF4Pp,14583
CwzMrNGTL9uvZK1AU1e9zf8ETfzPcjooZqfTSfFuGxcn,14583
8vBdYX1dksYmaZSCz7P541M6CBMcpSU3mcX2ccfSLe39,145833
42QPGYtmGzxL5zmdHTCnisJXwamfg9eNtW6fdQKqiRik,49802
HgRkMjhhBvHerpMipUmNwSG9e4tCj6uTNxVvWb2jkei5,162813
756hrFgHL5FuDXMtTmV4RL1tbHgQSDWLKnLAH2PqGCBz,116667
B71Rn3tnZ3VmPcD3SVnQ5vJN6sCqaH38LwCKyjzwSecu,7292
7C5M1ZgxqqWMuvVCJLiVvzhMXNbB3xQQMX4yhyM8omh3,41423
H5DN2ZNuABinYg3n3hB8vmrJ27osaEfU91A4gGYLzymW,72917
BTLjor9Fr29AXNYdvqJKKpexcwLLF7whefZpCyCBWqUq,43750
Bcjj9om8MYrgSWBQKPo8v9MHPrqAMg4Ypu8ZACsMF83W,40104
tSsfWNjPQC9kf9t8phkyD5Af56kq8W24csx8RMt9pwb,109375
XzjCG8axp8oLCXvxv46whLVugKRdB1TSS8DssfjiL5r,40833
9yJgPV62rPj5PsUr2KRb9Wc8Z596FjhS5uZaHtpkeNJq,54688
8Pvc4L5AJy5bGt4ViwRRmp5UbfCQ5t12LkTfRU1FYL3z,1020833
9ZMsoADHfY7mpa8z5wbhfVFh8hoQgCEA2bnzxxsxCRcy,48382
D1bB45KySHjfBTyt4pRsfTGCcBfQ3YzoW8YNEaN2c2wC,43750
CVu991SxjCQnjNHp67wLJy3ew8of6q1MX7rV6sGuVqA7,437500
EUtFn7wZs11cXBi7N76ggg7o6BxoPGcRX7h7GdayoSkr,179098
3qPsZXVJ5Xe6k2Jd1ZP3cv1sddU1dQNa7jQQnwxEBwQ1,61979
3735XjF69qaoXkc2JdrULKfsSSPJRTTka7WMGkd6V83t,84304
iYfNdwZ4YKXQuAyfpDWgTAMr7ATDtw31xZH5CHEqsA3,72917
EmPcnrZQPVb7Z617PUSphFatsnecJd6Q7ek6YckYo5UW,72917
D6jGq9xK6TNfiAPYJ6jngU7swPrqaPNgG733P9CqE2TE,123958
5NgpVmy24ZSQr5fUTfEt4JJRfqDEZRmbHW5EAkXoFQts,5604885
4c7xDcTL73TbCuf7CPXmEHnhLUw2dPUjdu9ujFdMD45e,182292
4HnHgMiPDisYpz23wCb8hzeqm7DLkjfEfJbauTWKSR7c,37188
GXzBGKhKtrRZTRxyf3tGr9yieRzYnBCDJiKtLZ5JVsNt,38646
4HoQkS65LnNQYpvnPc6jMEcwYZwEGqQkNHcCqnES8tAM,7291667
6W9m6AXxQSkQDCQ3gECmzJuiwTA3Qx1mGxohWXm41eBY,72917
64nXzsJVza6pffBnfZ2XQi7Z12YFeanP6s2YitekhNa6,399583
EnB9kcPwsCm4f3rAFLTZSvu45pRSjyKgSL1CVw6cWsp9,282898
7zgXcxmbvG21B2YxkjNoZSnvcVaG4hzKuHbaPbCDaCcU,282188
EmSSZhtvmA3dngjx9Wnm5SRrrBGC58xbSJ5ZEbyVhb6P,38349
J9tYZSHsHvrsXdtaUxYd4AuxUEe4foqXGwEHscjkJuXM,8021
HgcsXQNtYuFvfvEprZiTZcY6BuqwHHQcoa7FKMLReSJU,145833
MvX3nu1JvT2zw9ShBPDDvM859fahJxKDjgrViage86c,43750
HhdbffN3zEHhL5xepoxP8BcR9Gkuxa8xmWojUmoirQF7,106021
AiydwD2eQYxm6T5YvyA12RAzsP2e9h9fw1QRw1yFbVAu,1093750
3sgCBfzLqUscnaz5VNeDGaXQw7YyUC4Yx2kJg34oxdKC,36458
dhrSo2tP1xPoHKBJfPzSHVpKf3utWbb7Usk3eEWVPuK,80208
EHYGWpNPHTMCcsgW7qbtqPu8LytSsTMS8Mi5WLuoNT5Q,1502870
73dCci6hGXQXC8GD68AviupiDL5UxncqrxFafSYLbeLK,21335
7kj1w23BNp3CNpGhfuW7RwAed27oAtn2PsPJWKauxQZ5,72917
6ChFEMhUXk83kmXnkEbhrcz2KmANVxXGs5prK44o1o98,72917
HCmG8a5qXhxa4hKrokbAeeE5qVnijmr73yzmHBByLQTC,36458
8bk6HJxa9p4M53kUPvsVXCVCGX9cYK5G5tFV6NwnfLFy,51042
BM36S3rh3sDQ5GneGAF1gDTrpzTzi62YNRoiRjh4M2c7,52135
E1WRHihN4nScYdtyVoN2va84zdGGQgirVQE8TvE4zqLg,72917
CMTcJ4vobv6xQotLFBC7boZEhzcoF7wzJL1bpcjnL9Y8,20417
HVUzVVEDb5Ldv5Xro9zbPa8r4JXq3bdNc6kXV8qWc7Fm,41115
2L4hfRgyFduiw91jv65JTJAqLKZLHVdryJK5FxrpLVBT,2552083
7YUV6QACVKEc4u6YAFsGr1MChUcvgPvJVEYqYCA7MPZe,36458
4sg1rWVQ3Q1ZEzsY3Bf9C6B9RQkU9tXYvSwHervQ7P2d,72917
6CCrCUmETski4bv3FstUMkxcVyJcwwv17du1LhKEzpMF,140000
6Dddm6J3R1GRPBfN4tyZMXvb3ndSaExL7W5CxMojGskD,510417
FQTjErzixiBSob3mW7rQ52sLKuaHWWKh9fqdYki7gz3C,43750
FvcSCoHmK7xptLXS4KZVmzfiRiTHkda1TgspTQeVLfx6,61909
AdFi5Py7dcGWoQp4gv9Jd5GmUYbS1WJJw8EXguLnrDHg,650227
2xwDgoZBTCStytetBvxeRenEBmfFfVfL3jTSEEH5YN4V,233333
VMsTRAM9Thfj1qvWHnTyWM86hm3mRRJqETmnZwaGtyz,74413
BQk3PZYVRr6kZcZBp9Z7nHQz1515NMCsrqgCPUN7ts8R,36458
Ajc4wDgwbqCmcxhVjeh2draZBoBHaGQNsnXH5Qi6RCRs,74375
6CP2sUKSJssBj91u7LKQ9gQB9eAT2TQiNX5mFgcTLqGM,94792
6QoZi8E6vYvEVnwGKyfUs2ugNDbEPEWzdMDtkMNs1Hcq,36458
7nn32ZsJSWVLcQMrTsFbPPgiDppyvonWG5o7JsfaT1rp,24063
5m6tHEDV5c55qgn4wCJYHZ5hrbcXDtgrjxu5MCvZbuFk,159064
E3PiCrURWJ2EHTqV4av7i5LNvuZEbMLxDoKX3Se4aeBy,2165625
3H4igioxHpQWePqEkNbJDirYkHspBwt2eeJLckRgQmkX,729167
A4aoZ6awHanayijdTg7epi8n1vjZGEGqTMWETSo9uVGr,247917
6Ln6jWEZ9gQ5jV6sgWmGUNHjEzmbtKJPFRe474Hbfd1J,7292
5niFi5hdWWter89RugEQFugXVvufJSAH1ACWCMwgMfBK,269171
AC5RDfQFmDS1deWZos921JfqscXdByf8BKHs5ACWjtW2,66566
BfYtFMHDXwqRaWdLa2FCmVhuSzhVS7GtXUgPtt63hAo6,36458
FJ3sUUByEZ3XeiRkADXJVCYDzG5tsgVFwAEgAHxSnGfr,36458
HQa3xB5qom33ERXbJ35yWDT98mGLnHsjNe88T47Q6CqJ,138542
2U3YLAcKNHZnEjMsFXi3WkFtMZPhQHQejBuG1BnprN2o,145833
HmhcVrFgvwVFPZHPus6uNw23u1f9TrgRW74qwtEfP7mC,102083
6uXfbTJypHfreu4XhAC38bGGSShJehKWYGPZDHGsmiFs,43021
F4shpiL5641eNhY48ZbXe6Ds3jALqa2MMCjocG7zVmEe,40104
AAL95pUc4j4J9QPxd48DmnpCkXdGW3bRnZvmVLsfUbgz,43750
6kn7exNvZgUoSvUvbYrCN2hngT1W4yXkpViSN49ftabz,357709
H3o6g8TNhYs3AZcBzmFbYmLuwY8sg7HxHmnyzkQkQraG,145833
3TijTzF3oPnY9i2H6AzqFpjMFjNd9y58CFmvwvb4zgeZ,39375
91noXYCD6PBp5oPuxEytusf2o44pULFvNYeHoFGKwHCC,36458
7ggrXqjwaoRiKnkGKpDBYDAqHVR8m5Fbe913ZpcAKTgD,473958
2YD69s3qtRH8Jukos5kLgxJQokSSDEYPwUabviNz5bHL,72917
BJ8HP5gAvMo4QiRXFKfrZrvSkoZ3KQPLc2TLmYwnd71Y,59296
BMocbieDHGQP3qGsdpDnZiBXgNEzLMu59VRinjCq43Zo,40104
B2nwGkMYWq4N7oMswrVySJfRdqmccoAEKzrxScK7kxHD,40906
EZ2XVFYmLmea6YanAuoAbELRXCF9eo8Uf1owBpgD3cLu,40906
CH8oP12BbdupYCdjiRqmBXKCJGQARu6KuRyj63t3yu9C,40104
Hf6DL8TFKGADYQSAGR5VTncS2xT91cUSANjGPpM5y7vg,170925
6mkfKUL8i5qEq6se2trkHT3wfrC29RN6AKt3JHKG9yTw,72916
45m1gjryYb8aAF9FmyrQkyoXQMya1st2u2MYxG1CCuPm,218750
D1sHNTZmHFjmMqTZocGg5wbHVFaRJFqLBwSAak2MXrR5,278511
2byFeGFrnqBbZQpZxNGJT4mSGpRX9TteUNWR8mK7QJNi,3930208
AEd8cewYDFJz7kNz5nbuFcaeF95QeZWKA56wBJP3CkAS,14583
5Hgb7Fw9igr3nexwFXpkr8m5qwUN5psefkZxJgCwzJbx,72917
835nYGcf19iPSPGwYvhcaQ4uoAjsNK55ADJ26PoE4inA,78155
Bay7Uq4tis3WRi2iBvtQhxftXJGeuo5BkRNivXggty1q,39375
5t2hdQCfH7DfWZQigwMhhC9wxZMRJwb9aw1e1hMMftsr,36458
A7aBXUUiTAzPj431Hyceriht9bR3ScdtvMMeRW2mhaYZ,37917
AMpQ16DFsSe7XNXb1nJWNCkubMtXkPt7E9YMtJ5wxPQo,72917
HuGPueCU84ELV88aghB7H96NGsjnCY8wtPKQDo2XPHxF,145833
BxjmzkVxxtYmD5jrVbDn7CGGDWbt8wNdS5qqdwR7JdbP,145833
HXgHFVijgZcbcuzkr76koRxAa6YkDUg58mUUC9WvUqM6,21875
5YHRpUAytsL1ZT3uELTuYn46sbDA9htVZFziBq72Dkkf,72917
E5rJ9BoQRzTKHAiNfGKu3ZaTd8dNT6q2kW5vJMyTjovv,65625
HUDsuzDUznpsYNGhr7orLz9gxR1RQUEYWDWqBwaJBaR5,145833
7AqsDZ34xNKfs5kuxCoUo1Ze3co49cEGwHG6itqQJLUV,157500
3zabgVTWrK36dEKQY35gnTWNqfnu8BSsvnNiNtrBnHwy,72917
GaqppHTUWEyePPKVJ9DeBvwKKLsZvPR7Dz2Yfi3VMu9c,36458
CPMe7XWsASuLEozLGzLjoAGQfEjVqTbagYhg9PpDj859,218750
DqM1YHQRzttHLGbC1UjrWxF7Ar6AYgbzLjRicgzZFSz,97708
DMs3ecWWi3An9SLd2SNWRxAmTqZPSXn22pdw3DHCcjsa,69062
Aiu4DMa9cRBjeDfS81UJWK4sA39UNTsKv7mNqywbjzmx,66135
6wcaFDtsTrtzGFBEhxAYEcj6Nb3kmLkkZiCfwa3jRHs7,145833
7pTWhjLmU8Un8JKZNo3mrMQL5hXNdGGBDrpAHiwCae1N,53958
6cLhafb8GeZrRNzceSWiJwq3NqUfXywEQKgaKeZFPUo3,39375
3SLHJ7ojoZgWmuJnYS14maTzJD58HBFZHSyMYjubUx2m,59063
49tpv6EgPpCVPdk5q1GPQHsg7ny8btreyRPGa13JJAGe,43750
8CCsXVeNGN8PZnVgRVh6szzWsPLkAH4JSh2ChgfQrjf4,77390
7UvGLn4o2JTfd4WhmNjYctViR6u6UzwyZEFESP7CcnRj,104072
A77HErqtfN1hLLpvZ9pCtu66FEtM8BveoaKbbMoZ4RiR,100479
648ShX4L1fZtRH63cs9FrfTcajvhBSAiDrGzXios7czT,1531250
9EKnNGASokpDRv2Y5kiinppXiRTME1riDghh3Y42LCKB,103048
4qqqfmZ1kRsdXL5Xgc39QGt7pbtNHK98TD4QuZdxua5g,1458333
DAZ1merPkJZYhCmVEmQyVr136LDVxELBQAyRNJSeFNtS,40268
2RsNUyw1JuzzfRpouQYHNCUdgSZWeKc9dvic1xZTuj12,386458
78W4UNwktTLPBDWn3RZg82tAFqkf8TgTnXC517zXhdEe,193230
FMPfEncxXidUeofd5oi8reUPFDUJgMt11hX5HNEf8GKC,36458
5XbHyzqJRcY5YRwJ21eTfMS9G6J3rvKQchXAam59mMYF,145833
7u2b2bLa7b7tVGHcgKc28VE5oKhD2xdEpwQ5ryBHSwAP,46885
BF3msWLvhBTN5Wr5E9WH9wEGsxYW4hMnNEqJv1ytWguz,145833
GmFT53846VNZfqEg5QAbupZQ19Zu2HtfVUxfz75WHvPm,364583
A8inwzx6WeRg14rh4vzz7HsorjmU2Jgbvw9wHFxXtT6x,36458
AY3hBs7DkZYWMBwMsVjZZ2Zjfvx1PgQqkbWaqyD5cyGd,37333
HMV7mgAy3ma3whedExw4fNK7bM3izS9sPSipywERof11,40104
GFU7u6EpBxdSDSYUBZF31moano8YfuaNWLBiXstZcCgX,77732
HGDDYQt3BgyyRCvKwU93bPukVv73KnNaWKC7ZVMFEHZs,196875
AxbTGVkPCVuB1V9o2EPBmbUhdcgT713kaeUgyNvpFABc,35000
q9QL4Z7vZQJAJsoiqKjPs6tafdfp9H1yfrmE7xtR39c,182292
bUGyvGhbjSqUB2QhxGkQQFaW89gaPmgq2Nuj67Aajnp,156863
H4LCqJg8kiUo8v9g7peULHaDev8A6mMQo8Gv7xyocM7J,43750
DQEWU3CrCrfonYLif6MHQY7XmSVJpp26MZLsg9gh27bZ,1713542
9vqnG2GD1rXFB9ZtcRSsaQgY3DWAQ8kLobqgiE7JdNXQ,182292
8yXHKeTsvM2UrnkLaLbcfiTCPb1vu7bSrgsrEaHhSk5Z,76927
4MUPGREFvKND74SjNNrDGG9P5tdiECjwy7DCsq3GCopG,109375
EXwiaFqXEVVEuycAht3tJoDh9fM8d7GaCcefF2SvfxVD,72917
F5v958PegBLPgwGw4oJR1WG6DazK3Xp3bk6PxPa2uwxX,5614583
JBwBB2GwctkWbfdzzanTMcoAQS3titkjDZebSpUQ5ows,145832
XtWDLjv6SH2uBUd8Gg6DtcrCK8snwP3rH2WmKX1NK66,145833
8QBLG2w1gH15kjFthzEq6bDJiLGkKbD9bM2zjFseEjBR,167708
CYSWr6ywDub9F55HNDpnebjvoxoGh7oMNrcZ9ENrY41N,39163
6fWuhM2YUC6zbp3cMXn2w2b9N391ce6sJoruLyhhzd4G,420802
3G1JtLPYgP4izkvFnLxndf4ycPMT2HdkXGRwpe7ekgWJ,78469
3cwSGRsfUWGo82PYioqrrsCehvskPhqTmhAcqj4whyPe,364583
4L15EvsQce1UAGtpsAZyT5FuKHcpfgeD6KG7zZbtvnYZ,21875
J38nL3p9D83P7WV1n3onKcgJRAsYux1nf9kjXiYXvPDV,40981
AhsHBvpN45K92Pyp4jj9k5N9ppLTXv6c5t3vZot9Yd8G,140364
4WZCYKa9N5PKTnHJ4jtAbf2KMoTGyx25vP47M23kxg5G,8021
A3jajtsdA9eAfkrYHj3kETqJWNCokUiNaXGhRHDH5vQL,18957
5Pc18EMWzH8dDmeKGVeSQ25AfRtGRfsShTNdknXxX73S,393750
3a1E16z5BrS1gT7gfFC89JVq4Vk6bhx78VCduzQvWSRx,36458
FhvCGnCCLibPJcVg2hN7vrSVn2QW3X34PwjoyUfY8tYG,421636
Gy4kuCNdVCVCyzPsVXaTa6U3B3jfSwPwSmme68aPaeCX,79479
8AbNRS3x76sGVoWrFBDYuoa23bsPp5dGsGfWFr3i3561,79671
AuDF59h3NjxftskyapowPpMfCzr19BuZBJugvhjiB6L7,444306
8aegjLLkgQGVMJY6VaLzkKCSMubcqxjai186Z4DGnJD,404053
8ajkZHVkRfModuNEfBB7bQWHvVhZ4zL8QFLzfdqSToct,82396
6bB2HakMy1cu4jNS1ior13pUdQ2kh4QNRzegwJ8PhSg1,72917
Fjg6SiaC4Jpe6JSCa8iyWxd1fcq8o3z8dE8PhUFMdEto,39376
A9rmejLKo3uZyTXXDyENxcny9US7K5FfJ8BnL7TbHqox,1166667
2ZKJbEw72S51yns9JYfAboG9RqogFkaGQDmhN5vpp3YC,585521
G773qd1BiG7CpUtCjgPWjpAZuEChDLPtwvsi8iWJJ5PN,218750
QM3MMTBskBfWdXh32NG17qQFngFKma1Qqqa6phUYEWc,145833
4HuspKhV9F5Qu9QrNbiJvbFwt9NYHqhYz1Q2RA5DBPth,36458
A2ZWzwDDGuCXKNgjVNkwDTzQwL5a9Ai6kqaLYjFftQhw,473958
GG9WCgXDey5sLCbk9xxRKQe4TpcMM9w1r7dMsHg15uba,437500
6KRevfaJSxQciU24VjxNcMfHuQauLYXN5jAx51eu2sJe,583333
CeVoAaN4115NgPRbCPnZCGxFZ16L3UyihN9FJtdL9L1z,48854
EXt6iTNSZZquAMZHiqBja7RHfYhgwV5C3Q89uTecrd5,40104
GZa355dUAn7uTUToE76ZsSxhNuVb5NW1DSDhQWDvBCMR,145833
Gw1FZTUxR1QRLyNqEZecXgaFExN7dSCvA5XQBSVyL3Nf,437500
4gL9ZZLSRZb6ZveqqssgYiWewWzR6NQxpCpXNLV9nZFj,89393
4j91ipGEzkHGSG2sWRkouptXRgz7LYQ5mYVEqqztDHAB,145832
DfqVGYuZtYkFkmUvLBsgkgvjiHXjB6QbWLQ32sMUSL1x,14583
EnqWLBaSkMagV1XkTC5giYsNMk513LmUJTJnrMFaduwW,49107
9WmopaZ1JrFh8mLzjbPto4i3TUeZG2R9uaPKeQivxEWT,247917
BkTzUuohBX4zvde1qDh4sLaEVhx6Ww54Q8t237LjTBSz,36458
EK4eY1WFAaz258mThcofCK8jsZQq1DLfSaBwBvPa6S8Y,37188
J7MsCbpCZuXicZYspQQW59xEHhTRXmwpPNfZRtyFZcZs,80208
3AASyXMEQTeVotUi9ZtETFHokV4BqpQN3qRuQ152UPYj,356563
EdKaN6KB5E9cgNKq24NopAgxZdDeKiL2r2JDecFpdiRK,145833
8iASPbzzWrK2xCuqdMKgjXgSCz9UvLUayVrZ2tUPd895,142001
9HrhMKkauxyqFfXyRG9QtF6AkAsYiWF1SEka3HJaBffk,51042
DSdheV5Hhd17qqnMUCr8juJe9x4okg9AcEEF1oeNyT59,37917
5oM5gLSw16QK6zAJ8jHsujvDVg2XG4TmZo3ctYaAXSPo,37917
71fKMFvy5pQE2SsvwudNS8SVRnahP32K5DQvS9nyvX26,155218
J5QRhnLCNy5vr5czM5q6U6o27FM247sUtdfpogtada3H,390833
FSKSNyimBLw68So4i6WyfHQ9Qi7r4GorA676gRXk3ncs,32707
139bw8oZTZrP1SDtgM7BaGQN8mj1QFc5u4KcCNJg8joc,40104
Ge7xdPKQ8167Wv7aqKn5pTtGLv4ksYocisBY7EPaHkry,40323
61Bi7ZxQZCMZRq42EEgpBijSh2gHp7VKhCyCDX7qQZsX,145833
97KrNgDhXgTUt8DPb9DisrFq2byqCvtNbhEAD1qcq1nb,233333
9ra4pcFiDekWJVJbX41EDehof6U6sTsKNdXK8dFHxrMh,255208
2UGmoWgpryz8faQTcAnM51A1CcYy5k2FizKbiXnNsqPu,145833
Am1HYmu22jJ4Y4z7QrsoZ2aPKLVe8cvoirxdb15hNaR,357292
AeR1VzQHwu6gsSXt83CV7HbcT7HvqvWLkrVyrBocgbcz,43750
Hfc16gfJkCMKeuY13BVEvCvb1DGS9YwuUqVM67aKUFQb,72917
BPk3paoueKd1SBfX1kfv41iYPeD5FvWvGHwNpmFfSnB5,38120
Hyk7K4NHgo1yGvERuqyWv4zytUALLJYM4ixZYwWzSafK,656250
FTYBwmVxRcf8j5RAf54EfNU6DkHXjqbJCktXw4fjMc12,40834
9PA5QXuiyzLoKfTQeGjgzZ3y553pbuBNyiMmzNgeCyy8,364583
8biS9nEf2fPQuKF3K5pjFM9oEKVRufjzZY69r75cjt1p,196875
FQ4Pgiooc4dgYFSLDZiAc7WpfkMaas5BDkM7Kd4D1kj7,145833
AobVSwdW9BbpMdJvTqeCN4hPAmh4rHm7vwLnQ5ATSyrS,72567
5Y96F5CACD3p6MkePUKiuDecsbwXtEdGPXS9b8ddbyCa,10208
5ySorts7rQND7oR6JpDXso3P4WeDGD556p9g544vRTXV,182292
CEWaExi5YX7Uo7PBBrBWPDrKzfS52Fz8mMiamVAbwfRp,284375
UWigfYXD3C7xLMAKn8F52KkUoeZxL7419uxLv24SFys,1959189
4WozMT58Tox2jwHFGfX2ZaYVZFTUTiDKCAtRc8tScLi9,51041
5XQj5PAo4b3yp9nkgnUpHGHxFTHirgAnEeLrHBrwtjuG,37888
4aDtazFLgNucmuMRyxw52N6HPFpESK8gj35E6myXo7oF,43750
9nfh6iFir5Mdst3pAUGYRUQka1r48wzk3WzhxWX4UtPs,58333
C6DCSY1SUApTdbcCH6Q4uXH4nHReDAxhWaGRcNMdjeKc,36458
Cw5UBoRJyC11e9XAnWFx2kFkTeW1wrHeezY1jG8wQ5PX,27708
AtNAY3Lb1rUJ4wMq4wkj8Fmb9Y3krQ3kC5kBocrjiSN1,189583
koLnU4uUwkLca85G7BcWfNdsSDV3qc5uKaxRXUxRXWi,43131
5oGPG5hWGyGrYUJ7yh6BTRsr1RasuwENgXpwhtxReTiv,3842708
7Aj1WJtqSxgdfHzyon4HZuBFuYiSqZYhGj5M5fwLMkwW,12396
CREdvs8JDpWSotUUa5FE9upZWZQVW8oE4xr8kGoULtt8,36458
FGg5QukUP3Cpe2chnoxFi9m5ccBYcmomRAyUPScHpUJD,2041667
AdRDJZX9CnCgWEkqsDghnXTNYP1QnbWbqKjrNG881mQC,61979
AZdx55WXV3VVvw1CTJpVmVsKsSre1q2h3f7VvmeaKBiB,72917
CVNUT1c5qSL4c1wx9tsPogKGMhLxDeEGoRY3xY7G79pr,51042
969ihgofQcnbj67yUE2BJK6KZaty8r3tbUWVaaq8ULQR,583333
4mdj2Mrsbd6K4194MDxnnGMeVP9BEkg15cDwNK3DcgTD,729167
BxTa7iLhb8eQaFvktGVTvnT46ZVGNMbL875sz7XvLqeV,1677083
3Hf2zwar94b8pJ5PBd8d5KQuKNgjSVCWieikKtdXvZrJ,195418
7CASbHTgYwNwMA9y3pVfxtVmTqQxKWeyDUMv87sMrSEs,182292
BFKMZcXu5Ru9QeYtWsfxWxPEjZMeu2GbRcLSxybCYG7H,109375
8JkRTyLzzrgqHBBLfx6tJVrJADx34zknanWx7FfiiM55,10111
5pDsRgqLt8KBwfSWwHQuuJTmijN2JH12eoELBYtxGg6F,7993
7qVWGGH61ikatcKT3Cm1tassp3B8WbGEACA4GMCwkS9W,72917
4McJTGL24zvEAYyvoUiXxujZZWrNkQyeNpdGhsG4Apud,63437
81Wo7GEohvcxyUTnC1ApYoqpYxH7nEAebEchoYH2HTFK,51117
BqTdbuoS137wK5dc2zX3fk4iUdsSQQqD3sDgJxrcx5Jp,72917
8MEsWH9cSJGhpZuBwcBvDJz4Ug29b7U8TLkVsAQ3QwB8,78123
5SazB8vqnfgCf26KtTTvkU8mkLhArrm1wUbZcCYKpH5E,116667
8B6d6o9GYj3CWpGXjbiRgpC7LTpD7sdqUNV19cpV9UeZ,72917
GwiS1y8spCjGErSTuEy5MsJy2yjxYFNjZnybA4xxdK35,36458
6NbDwnUGLfLxHXpjaDF5drS5LNeyhAh1rU7SvVXPuLCf,1458333
5NmJHJbU5i3HMhviQRkwyBfDUyE4zHV5WMnVPnin3Fn1,104271
GuPmn91rNUGvKfVphoss7hFzmaysDMRdyfZsFVRBcgCZ,102083
Xq3rxGV4ceU3hh3SZe6qB2pWR44F4PjhgPfx8HyHG5k,36458
BMesqq64jEL7LGFwrFpADMspXDiXGWGpQMmHmXW7iYcm,160417
BbXc4sCEZhaP2LX7dv4w2RaYiXiebzo7QMzjaQ5kuYxg,32813
2tq858mhgjd6zTLoLzRdiHUPjkGM22j4jWwHgKJYZy4c,51042
FBL4QT98SNbgbR7aah1GAHa63FShEdcQxjcS8eeyT9nv,218750
6mktGWNcnfKXkNaMeiMDqmV1gcXFjXVShWKPVFATfA9T,145833
xxTFaS7DbAvrhj4bVuZBC5W7BTiB97dfmKizFc4MuSf,72917
5VkDcHekMACVqj3D8ob2MYdPgZ8kB1qPsyJ7Uuo5xPai,36458
CrsLsiETcQCZs2jqngxpg4fBK1SQnWdSTMra7bzBjFos,72917
Aaz1GkqDgiJeePH2VWGDKfxf6QTuiJeut9jbWczXtyca,80208
DmpuVE5KUbJdFtUXD3L4Ne6GqDXwcG3y4xXD6b9HFfyk,114480
5tC9UP217wmV4cYwiRpkYrHQLi3YAdGGLE735TjYniys,42945
7vqWp2irthgeSMVmayXpjm7F3qVXfpQF9hzFq2ZEK4Gs,72917
BTEgnu3PvYxG1Z8j8F8r4UQXd4ZvUvQnxqM1tcbKxfBw,109375
G94RhMpF6fRtbTZcyGSVexoueqN5nFEyyQRA19HYHXYb,37206
5EhH22LZ8DBjm4HvfejCFia1gwrPVnzmcVWGwDu8XYA3,36458
AcFUDmgJ1iHcUXvRkMKTiBPJygtxKAvJG4F89TzaXcTY,40104
B5wCBCk3LBFJ1VnUYLP4c76m4mfu4TFXYEtQSCfW5SVb,145833
7mNdA5A7dyj18rdw6VkTLaSVcz5VJBu8wZABD4kmyQYF,41069
SoXVvYXmCPEKRiMs4gTTiv3nTAExaw94wcSbyqmSAXY,379167
2CQgEuwX47767wXBjhu63x57WT6EoPAAjvYjLArJaUFM,43750
Dq8teALb2PVr2QDtxDH3KY81c2vjGiuPz1j7jsRbFxKn,135625
2kEHWYyQXgx6m5Az87Z99mja92QVsrsPZP63y3GJUPfo,46849
EtkTE6jHnk5X9ZqJEJEqL1GRGJesvpVqXJG3NxJ4coTi,63438
FVYxxYPGGBiPaQ3nRo2d9trxH35ouUJauiciVSZ59QFK,21875
D6gGKu6xiTPFE41dFAHMxyDUfMeXtcjFqZo6SRvxMiWJ,69270
4NDBBdQydzKwvVPubQC4jeY68zZ91kFtKAvsUj8xRJDk,120530
3KsBoxjJghsZh6Ppz3zB7BEEhVt55HAHmGA9h8EuDjc6,729167
6wSzPNUerPFPHwyT97ap46ksUJWgu21duZ18VwPvCiwJ,58333
EqqYpZFAaQsTSSHnfpNNqmcr6AXSdUiW7Hqw32aVxCAh,38646
95XBz7mXgiVdD7iBKLzP5hDyp1A6yhfwfmpqW9Zu8MAh,145833
E3DpmN6W6R6ZTXWzo5hKndqj7N8LxaANVvuyvQmzoMxv,36803
CHSg8LHak7xRKb8XtGTGhMSZrFfpdUkd4JBYKWpRvsYu,36458
3hnDfMVEmBjXQK9jMyuup2ZNjbVKPz4fNSspxwS9KmEy,36458
E9TwcqzuL7XDS2jhFu9iZtVuGU2DFgMszBcPkxXZBRgK,43750
9wGRFdMNGU7cRzi7QRbV6ixcwA52sUHf63UFJMYmwhVe,71458
3rV23YXmGLgcCJHx2S3i5qDygGxnwgbKxjaJAyLXbZWN,72917
FvJcnyn2biHhn6KMPmUZQ76KxtXfQutASCP17t2X2hbN,50311
Bad5ddCDg5rBX27XZnB7DgU8m3HUWjWZcSjff7BJa6AD,61979
826yZQzQmeV8Ntjya4YVuiZYabxFmMt8jtZHHhV62F6r,182292
cjCUheqVjptKUdvminFUcrE8YwbxRQ5os4q6bvuXkGB,145833
6v1ffh8nams1nL22e5BfCzFeS5bDh3urAktoocGzK84j,8891
4UdTioRFipsBMDi7D7tiARdMWMKxU5th5UQPKo6FqwJe,37188
6TTdZdruqzkfQ3wmoXMF5DYFFC1XdLit43YCteRAYsY9,559271
3qBKREWpubAzn4iNSfMoaKxRJYP3Bz2SjcNATusmnEkn,36458
22eFDUWF5HqeAraeBLcTWmSpCM9BXe5sAfjj9e19R6c2,72917
HLU1w1Vc9BrQywGU6fdpH8xSjKkwMcvL1aQQ26Dayhox,43750
FyuxwbSaLZRggd5c6fTQXSMxGemPuQy56eC7aM7wooJ8,43750
B5VJ4PDXJaMkLyLrrg44LbHruSe7u2H4BCdbeujsGTBw,49896
FSze9t5dnQuBKf7xk4LqXZYArPQVgcWzftJ27r2qaeNa,37188
4AZCy7WaAkAn14tVv46ejurjKVK4Uod69rNzzyDbwGrU,167708
EF92HZ8GKuQTsHro4oxoruC5TWnsXNT7f2b7nxZDPnJn,364583
4WW3jVQ2Ta5P5BjC7HWqpyTmaRL6afDiJ7hYm1CmHaQi,72917
BBVYHVQ4pfPC1vGU3ayvvHu8wDrNGzoKcB5f25G9aVjv,36458
3G353ybLm27M7TAHaTmjwDqRQ6JuhBSvRe75jixAQuEU,36458
7k97GXySBqREqh814VLS8oyQL2eVzHvEUjPmKNP4S7ec,36458
9qLD71BuiJfpKj1HCfT7FAPFXpyrn8eemE7b6CpdYRq,37917
GUenxqCrTgXy4uaCmdnryhvNHnhZ8KfZe5oUF3HNGS6U,36458
93D7rC7uevkbC95DfMAyZbfJL5BkmGLKzxrcqVLQLZry,37188
2b4QpL1LuS91F6MBQC6BmVJHFM5Kf98B8rUuP6VkDZL1,43750
2cPfLU24LJ2W1kn3Gf69nebCrZ9fScEHLXFtHkLfJ8BL,72917
FWtrXGAQfKDHKcz39bqftXKfCsxkHzQea2XDasTruBLB,7292
2hbKVV57tRb63UQp1dKGxNvZWTN468WTh58Wyn4SHGgf,37917
3HvvQiYiMbaiJWLFfaE8ULHVWQ6XpaKfrFtSyw6gkUaD,36458
BwSwWDeCxQacTdXtsZqr4EMH5YUYAvWfMjbYSAgPvBpn,58333
CfmkfncrSL61w3Y2Ts3tZiC1gjtuTKUyyAHkyCp3PWdo,7292
Ga2bBXm7vic6VqDSQ1cVMurM2Vf7bwra789DCpdhpi3,72917
2s8nAR2mB5dir19eUT71m87x6UCoMB8SAUxgUBcu7b3z,43750
7PmgRxrfe7xM4LV5PgRAiXJSu3p5XtbjbxdoY5itv2Xg,72917
EHVPBy3iirVYabdhepUHt6itVNGaVc95Mux9oHaoPWy7,36458
HTuhaQ1yZona3mq8qALtByXaK3wc9DLdnVTq5swSDTmy,75833
96apPJqAjV1DRnzw4Vmx4RRw9oAJSXRgTzEUnTsAtRiC,36458
2XW5Ku96rKPcwPvvWfzWigQjYzYBQePFjAX2bzbrjmAv,3062500
8kZCwuNXy8QdjTCmo9Hn4LqZDY4ryGLaNrniv5DbTCuK,758333
6MDztAggmZ7cQ2TYDY6gymusVs61aVW8qEfZi8iEZnK4,36458
6tnj332TDYFMfS8T3HTQgvje4LdsZ16tssgsqjPqLKMc,328125
99SedMB4BnXgauLLofJYBiWWoahrNP8A7NK9q1qCQBJU,40104
DW8dMEatXRgReaaw9TxQ8AVZZ1QoGpX6JnVnsKeaRfTf,364583
HRQYZwDV8XidmbUKdAU3YrZMbQVdzoKyfdrzajVt1agW,36458
2WFDGZtSNKjp7Yek44utog6gy1b6VmUnJYAPvQyhsw6W,36458
6mLnJhPXj9Jww8QpNKgFfN9tSnY4TyD1Mi8iLjXKFHw5,6489583
5Q1hqndvXsBQpWvbZA9L6KbbTxiLA5hr6hM6zPvmVKiw,37188
yitkumF5mJwqz6vCV8Pf1pjEz6ueMUUYsgrGCiZCmod,48502
FHY79s96AFKcdsduChAZb2ERvyoHNuRLco9bLFqVFbYB,72917
6Mpb4vYqy6HcPS9LYFXUKYvmkSnvT4v6W3mi66PahCHd,36458
5VWkRMyhfQV8id6xt21oHKnm5Yaej1WBmkPyTUWwYm9m,364583
AhZNtkJafimy3nAPNTrra3gsaxQ6ZB3VRs5nEFYVnnfv,7292
GJ8rSmbTB6NYE58HEG6PtybTjJevNrR1pnF7o4HtD6uy,72917
BYcCJRWV4vaW7XaZh7vVsjDpnEDHWSbJoTc5Dh4pZRSD,72917
9XDwhyKoM3H5FUqf5DeB4jtMDuMqZqPVsB5UqeCs4r4z,21875
BdqjYEwUF3uSCXXkGr7bWeNiP4bGHnsALeqTC8vWXTK2,138686
F7sCmB8ye5fmrFsGv8LPiGbRJmWxz4aTNLuZ9JPwscuP,36458
67EWK8yzNaXrKrCsJe3zAYcfvxAkr11BYSZoYuwQhyG4,51042
Avb3eRGtGGyFEQ153wthD9LpiXD4gRW8tUmcdpK1Yc4Q,72917
2VsFqMWDvxa4D2o4XHzjTwKSpCVTkH6HmimGbvcdhm8M,36458
82bHzb6G5347UmCUiV5D3ahcnSjEV57sNacGLenM7Zt2,37552
DomxAMWQPtauFmPks6SqRSdvmQpqkKE4hrLoX7t9Tpj9,36458
zdJvBtGCtdK5gbVevWo2VpBXsEmtMsneXQL9qrpVGt3,7292
9xgojkhFdt277fFxin7F6xcL2BgMkunPr74oNnwzi8p7,36458
BqGhBaND3ZF21UQxbAugS9PJC89tj4zUgrw8343hYeXs,45964
9X5HoD5FwUTJw4r46i6gAdBrYiUBfYwDCG27codXsKy2,36458
74rERfuYyZ4zToEYAbNJMaYy966673Pukb71M7GgWq69,583333
JBrVH7M89YaNdWjsfKTcombCGoJJ6gJCiXvFTWiv9osT,46718
GyZmXEVqVb7pUWWBtJZ4DuSEjQbGQ1uGCkqH871GwUw9,43238
8JNMgYLnAMwbbSw8kLMreqXpb7Ekv6Jk8yR6cv8uWdTf,19031
HhHx7NgcrLBLJ9mPx5SMubMZ2q46Y6M1nS2Ek4wssDuX,36458
85HjBjinqoXdHS5yGtn1UdNzYDxR9NqW8R7QZG5cwxrk,145833
DmXRa18nNLReEqejwjVAWdpThL3s7EAx4vDcNqiGZUDq,7292
4M1KUbwKWQJGH5YWbgUxsPMnnyu2ems5xKhQvQ7UaaCd,37917
DxJEKo8e8yEAkYrYWtgDM88VChSZpq9yy5h44oKG3qs8,154583
BxSrarWgEWnU8nB4JfpQPiKFFvJ4eaRwYqMVQWenxvbi,8750000
FK55qTfbAqioDLAYPx3orSz8JhqdTd5UdETVcPnN3tUM,72917
DD7Udns8ESFGvTHYYvdNNQWkR9C88xHmLsCHrgmYxWs4,53227
HciDzKEouEHLcyfGTV3kMveuVEkMhhps9tJQfp6JnZNi,35729
2ktNotWBZjXSNFhbZq2QoqL2c9WhMaJAfrBC1TcrR94w,208542
6R9aeycWdQR1Y9mYLrSoduCgCA2dhKcWUYZnyHf3Gbvh,40104
DS4oD2bvQZBvHCFY5oyYvQtzj53Du9wfAzSoPxtFMTxQ,44844
cGhLd8LJ2uv9dsMqbHuVR7c3m1SifL3aqDxSufdmfdb,37280
AuwDyCuVotV976ypJatfLbrdWG7mq98fTzh21AZ3PkfZ,10208
FBvMjjfhj1BZJzcEgmSnigPejcqfAYnmAsZMs6m6M389,72917
8XHzvUqjrn1sykkTqdXx1bpfh41CBzLBGUT3nbz3Yj7H,87500
5VNS6NcFXr6AvKdzR1k28ZDiqWX9n2Hr7vAxZLQfCwJ6,36458
BkRYkH3XQPs4LWS2jaz6jzhQtSPHBzDFQiDNPGWVBRpT,79478
3DENwh2Yfoj228wxGc3wSok9Hp7ropH75Lv35Zh31bdR,47167
EzXb4JnUU1iW92zdUrvTi3bc8rBotidS6ixXfZSVBkUC,9479
B2nyXXGGky6qR5oqdztnuNrxFo9rJ1X76iC36nb36RLV,36531
AnhDHX9QTEmC2aoNJEArhidBw9gsbM2B2rPy4irfUVnv,14583
B7M7mzqqcjBrwfaYssUekYYhvi63S4sRVx5Du8VZMPo8,109375
E1p6ue2RxwNAW4W2D8MZ3pQ2CPWW6pcDqBfmPrhQe32,43779
8ffNsZGd2Ha7WtqdMedkiTBQBCvf9qKspLHQNBnfArMM,9479
DXyWDraYqBauJr83SNwu3j9Fei5wVhnf3QRR2BMpa5UA,39375
148gTK97NNRKFAUxE5wv3UxBB3H4epapnvpMcv4dc6nf,240625
7KFWotEKPn3Rf9F8LB18uyCFErrJzKChqA24HJATPJnt,35000
B9zLy461i76tcGJYSRdZwtPKdbo2SSGo4MCaYVtim2Wr,583333
6ddnyuwLPEv4AwuQqX6CnBcRphJoj7fwifyxvo4BMHCH,37188
14UMe1BpJx3tpvk434dUdRMabUDNAwYJobP2cVmJWtue,14583
GTYw56ujdRNyCqEm1w7faWQ9FRvoHa18UVkbpJAaNECw,379167
HukFwJRwbT4R5P1YBDg61HphUfBHLiiawpvwf7C8VYzR,72917
DhvLJ2zwumbF2QrdWJtzwW54732YTiXcgDvQB5N7av29,58333
DHzGoHjopnv7SJFLTLc4T1PXjBdGeeCb5NwFp1s3hktn,109375
4gTHkWtZjqkd5L85W63Jpu4MWN6pcavqePwfTAUCCtyB,2552083
GGn9QtjY9vYF49yppkbQ5N7rpBxejU8vhZqLfbEKSJwc,76563
3thbj3MbDmHqArS5vkAkz3YZgvcEdVJScXWPsdgyMHem,148271
7BMJGNmBQwaHzG3a1Z5R8CrtjzptWapHQ5hrFpbFY5UF,42919
EqFUAcKWS9KXM7Gj72Q6DvWtcVA7jrATgyn7drF14MUd,37188
81sGTvaCUpgauUS5pF5MNpNaH7Lwam5CjL2n2Bf6Vpcm,7292
7MkruzK8U1s152xoNcbKXGR7mxsc7xSJR7HyAubyViJB,72917
H7E6MMMRCvBDa1AukbvTDRbJ1tqgKWejTBNrRGryfLXR,54688
C67LH8FLMAgX2e4q5iXT5av9SK3s79sFutQRpoJNgPd5,145833
GuiGMJfsAc1p2rVShTZTTYeSVsdwFpcT4K2FC3xeooCA,37188
6g66gLUgcveDacMWqUyp6woY5qgrG6F1w3efL1B6zPqs,66207
8jV1wA6VoAFsCZ3hdYe2fzgnM3cDWREPvZXKRZNnjWnn,678125
7csyPNoZL6TZQ7CiQTYPZUAHxm3jscHyJ9vAXjNeNbuj,37188
BRFx8dkULYDx1Y1cK17seX7QXHL3gTkq7jeGsdMLoKi,36458
HydZHKQzhDZbi1qBcuTmA9skF79CF59TJpPF5YguPAvR,371875
GYVEppB47Apd27ZbBC9hWj2JupgRdExiHTPxGTQwZFbc,38452
9j4eouGKmYm9rU5qcpSfXDaU16bjTagRJFSMH6MStu9u,72917
2mt2iZx72HhXQkm9dPu1Q47EhqP72LhVP4qxSa6eG7NL,91146
7PKMEXEcrbsCXFjwGfKU8J5zb1zTEnShrdJqehYWXjRD,145833
AhnUcDABrnGwTdMTYxcGyEfR74tFmdXpT74hv8kCJBx2,37191
3KVLxq54q86povksNaA6P4H2mz33SvQr9R15E9MH8VLb,231146
H9Fi99aFPJ5gHStjN7D6DpyYT9ijQxhXHCqUqgRueWWV,75833
3MfcAP7vbBBgxYzZLzhFSbL5gkZc7ECSRmWRnG38Zjbf,115401
5VTmjsaSgYdNZjwDHmahNUbWHsYusiRhcX6AaBwqsVvy,1822917
Hfo8BXwAEkMyF27RPtDP3ZGQfeZkYRcwQpiUsGxrRGLc,102083
J5tvbXFiNRcy5EiAkdoZnmavtEMfKdbyJA7LD84f3XLU,43750
BgRmv2fRcqcbiuv1EtvKM7kvZUeB3kYo2QdLMvaKQVjT,36458
98hTzXYDvo87GxdAhfdvD5QkBKGqThp2FiTzLCir1NYP,235521
CyXsbh8Grwa6QoJhcvdhsRPgbobvD2zYzYmqNWmg6vSx,63019
7GwLTptXUAwGJwCetSHdDshWFeqzs56VzRTansk8oMz9,43750
Db76XKi26RBRdrS9VgSLncwoEehVuGnspyFA6kUaww3g,238438
BWQoSMwWpBvZu4xm63m56Z2Ywswqprniu14BTtdGmw7L,8689
9oZXZDSZfgXUrHoUGc9vPBsezLYorsJCgBtChVdeeUXJ,51353
8UbXHw4RpMyWrt9JyZKgxPpNprvkpapSrq2RpNDpoAYP,36458
G3qAdYSgyYg3ahj843MrbYfRP6R92MsekfaErq4P9MfZ,36458
Ec7q9cnX9HmihwGTm59KHDgyKPWRNDSkgtf9fhqieX1f,7656
8nevQnkyhn72Fuh83zjVXZyy5wgXWB4ydRC1DjXy5dcJ,36828
21j5hR5nhvuuSdSn9eQ1wh4r6QpxSKocRznZ6vxxVaEQ,43750
GjHkKXJ2eJ4knsH8zjmryJKQsPBgY6hENw93kgT4ApqP,36458
FeAZr9Cen4GpaCu2E2g7yKoAwpg38vXFC1DydAenMbR9,235521
2nGuhan2sGDyU8YZCvnej7ktx2J5qzf2yegM8ew5FHGh,36458
29NnD8rKCpLWHvnudzu7on8p9quh5n5wG2jNHMjsifYr,10938
ENygCTn3SxaojpBSPGKrtG86M3NF3meBdTtB5KzpweNR,36458
BPuXpBo2cCg3QkvhWPANWXuz78CKJenboWAH9HHmfajm,109375
C7c9wQJ2q5gtyvwJn4dcVqZdaC7sa1EdgadR5KHzQ7qu,36458
HHagiUSSLCWSa1Uu45ykQyVVmrbPeMdHJKCHJEAZjgT6,87500
4SeZ4mmbUkLnTPuh4z1ySKbKyu5Re1iU4bxgf5Vpmz1B,72917
A2wvA746KiQMikCiyeV7zJpsxripSr5BJTGRNijstu4W,58333
4Eu8Q45hxEvuBsnnwwSBsowY5z9PLrASNkWSSP2p3usD,37306
9gWkGx16BjukBGfugrGH75JqqqunnzmDfXCFdwDZydj3,37188
BuFPQJLPdQxtCsdefKHr8HjSRHngiA9N2yLMYt6kwyUY,364583
7VEXid2AhWpz3jXJe114GXLvXYZ1E5tCPSyK53ZcGt6Y,489432
8JGRkFmxwwxiCoEVDB3QyA9TFDF1ESVe3WshG2mxVhog,37250
BrwHRkyzLY41fP8dJ6wpM444aCibP1kuWDd6wdyqCi2H,87500
Es7Uj9zEBKoqjs1Vm4Gmt7wePbr9vr6Uh4UeVaxMbaFD,72917
BUYdF8YE7P34254UX2QT2sgNwsCY49359GcgTKpguoue,36458
4jYBQZR4qJZAqauC4dfxAzvpTq3HjQCerNVzj4TkMKH6,80208
95mj8BhCbfzTALgYeHjqdPa1KBYYrJpBCB1Q7frT1ZGw,72917
3zXJonrXsPgByrMi92HfH9wgj4z8AAhuvCZuH7fJTHWs,43750
DFFYMVYHwV56K1mafRpH9NLFSixXm9FsesKYeLppon6T,36458
852aCQGhi9PSW6DFJS9oWRygUzZF1dANaGNY2zcyPY6i,51042
7jtv2bxfuVxncyG6KBcZTf9sNaLQUQpmczxse9veTiVA,36531
3Friva1tPzM7GEgu6GNAQmDRzo7YgoEBypmXZuuoGSLM,37188
92sxUiiX6LPxuRbwD1GpTx9WLbuGe4PZPYfy7ogZZknJ,30625
7SyBMRdx9MpNAFzLeRNrmbTAsVLmNFJb7MBB4riB38So,401042
3cqcMvKRa72f5FCXKWdwkW3SsnAHGoMb7SVrt4P9q5rA,38433
2rzF6KxvoyUSrTZTPZZ55MEjNngYADvMHXqZ8Ug9LR9f,40104
BqtrAvM2b2zkDQAcbwqehSsYboBAnbZodEeXfVjXAg5e,40104
53cmdarLnie8ocgkdpzKJEMe96MNE4p2GkTMHwp5v7gr,67267
8JoJZkwoTB1SfMztNBCT9vh9eH2wcMLZQPHKgpToZLCK,145833
2PRKGDDAYCzq7LZEXeCYTrpJEw1oXiicqwZCTcR3qYan,72917
5CqLzgQv2FxyscxftmCpdz1bEF2keuHNBp4c3nJUMjS5,52181
AGuCKHYVHcYeAyGZp3CHd6sMZwFRkvtG69jAUWhh3rEp,38282
91Npg6JbiWwBY2eZDgMCEQ8KVpJJiRTbv8WqxD2JDjBq,83125
Buq4FYKEpJ31kkKjM6d7rN7QgwFb4uwEa9tB6HD4AXXL,37188
A4EkqVnVkBSq96QFiEzf4qioqZXTAVV6bd75Gsr8AgUJ,58794
8uHfE9mLLVbrHKswdwkjqTC2svmzqq29EEHgWM6JdZAX,48687
6ugextrBjfkxiYGNAHxMMh1q8QjzZLHKnvshN2onsAQo,43750
27uvzPqjCVCg8v57FzbQcLvqsY5YCRXxzvfp9dcZhmyz,26635
H8FapWxaTjBw4kx2dQYZ11881GnadJ65FkbAuTAvnRnm,36823
ALhyA8tGqBjnR2ZMby7qBnntK1zaFmkd4fZg2a7g8EGP,37188
FNQF6iu1Pq9S8kY2HokkgrSbaRZeWsPAtAcihhE2jJWD,58333
Akpr3AN1gDy25a4kimwMzUxnnBDy7Qx2KnuKExvz9nXq,36458
8KUwqyCnzxa12BdZPhxUfcsYfr8Dmuj1h4jm7MerhsVd,36458
EnspmimEr5pQKftuttKs3AhfBtwuoJcQpYoH3EKyayGy,38030
4ecZ5gn4G2sQnbydM4aXPCWCUugrW8h1oUip3H9rdsyH,51042
AkezRa13dWdyFmy2DvNGjjJQ8Eme9arPvakEA6BxAAgu,40505
GuLiuinJomFRV27uU5KQXLzsG7Jz6TDTMeuTfJ1kGu6P,36458
9Xw67EBLX1ckQ3UiHxiousaFQMLMLvB8eqw3BEeM5vG,36458
CbTSoYGbGcXeRgD6bGA6BERQMgKvU5J2ReuvZkmA8vno,20417
HxU2smLP4zFonDr5RhZiyfyNEzH23wFALUa9yCNdc58G,72917
4RViaR6uD3GkU2dQBr3JCLsEdD5A2TGYUCu6AnEjH3KJ,29167
EvWqmx68WF6ap42hpcVsH5yCq3H28rRoSbGLAqffvCvt,72917
HAvYQaMyKsaCWeBvA4jga7oMYGaCTbb49eLDSmCuNf7B,57603
CNrrkbRC8CXmTay1wa1kQbTQ9DwxKtPA1KsYa6qF6Ckx,73222
Fn5GGqyaN3w4JQAkup2SHXr8BMFwGejuq8MvgvMSRD55,36458
2PVr4UcHUwQgzangd9MeHD7A2mADfMcLWMaR9mZSSarp,53229
5A3jFs1inMKygqpub865Z8M2hvJ2mFkud6hqjhLfxjDJ,36458
3po7HZHYg65A221x1xtUErVjj9iqT1mAsjHP3JTcDfB3,36458
DWnoXnFfCfc2KEasbn1YZ5fWj8YUhFfq81gpmtmMSNn5,38646
9pvjDQGjwbPzRKCR9Mjr3xzq4M7LvhPJqYkvJYMF7nmU,36458
7fDRF4ZrcZRFSLpDqFgLQVi9MXSMGSQqvKv1ju53nYFm,14583
ERo8dQhRZc9oGTs6j2wKUtyQFjUU8dHSeuNdRg6SwaJy,36458
EEZSXKUgFPZ3dtwt3bxmUJnHwHqfD2DEZ9gEVgpiV5gQ,37188
7fDMgASJF4dD1jUaN6BySWWT3LuHqjDVrFc3MVDUnqDU,72917
BKmUo9VjuzR5S1cRufP9GQXATSGHmidgyodZiobXXCj7,80208
FMMkM7SbL9vSWKtvVoXH74nugeGgpzPLkUTr4Pm8vphF,82396
9kfXHAQuNa5F1xa5BAgnZgo3UX9GnjjngT5dCEEH47u6,72917
Du8yQjcXBDk3Ep1BatbWguNp2QSq5NGMzUwKRXZB61gi,36458
3vtgBiNeAuCfuUwN3Pih2mxZSQj9h7e6rP7TEzJRh4d5,37264
mimiSgyHU6BU2UivhA3a6rXcd7tPRxzqDJgQjcm5FQG,136719
FFpC5awS25QntzEyzpqc1WA5MMUzydkHRkoZP958NUGe,73646
B7nRB23ReqN2j2YY9ML8yDajFLJGCoaRjqco3mePKwKZ,21146
BgBGPXsi1d3dSHn9Kgtb58Qi2HNiWcRarg46YtMFWai6,36458
4FxFPAyeVugrFWJRkZirRvQpG3ucbcU767qS3RzXJ3vE,72917
Cvf4SpxpNTiUNgRBJGJ7ggrbCyxUv1YHhbBT6xck3JJ6,8433
CFa6WLN4YM4VipgWh3LSoFGb1iVfKJPU9M2TqAHQB8bC,72917
DrQXdAgMxfKrv6fAfRjim4CjQvivmLUJwgUhGqJEgJKd,37917
8ajSAVVFEUxnuWaLgJ2wxYzyPQpuSGSSQAsQhPbpSzD2,65625
E2Pzkus278eU7ewL3nLVTw4Lp2bUbH6mKCZT53WptQpc,64896
GLWz9BA9nZr7cpDPmwgjdnuuhNKTpqgvR3VskZHL97rU,145833
7L4AeQ1X8zQ5E6Uuyf8N2yxJspMBzDkBDSjv9aH6DXtF,40104
3pV9q46TrhDn4Xk2RyhmRqgGiDQZCz4DEVMqUFaGtvBg,37042
47YNQMH9JoBfZqV2wN64aDH7KM8sFNva9DNisW9R9dtw,64896
FYrB5Rjeeoi2VRfctUDmxyFnrhW62BqG3igxEWMPcavD,182292
6mUGKa3pSYJftnPg2MSaANUSok5vkc9YeTDBG1M7w8ry,36458
4DYNp2ccTTiSRrR9geJKE8JPrZNT3FhgskJjhf5azKcd,37188
eKZNjbXyDnzaG6zD2QLdvbmNDr4CEFBrea6Hufaavut,18441
9sdaahoQ5NFaLoENf5zevpjidFvM5pGANoz9SuAec19d,98438
HhU9rGgHB8nq713z22VG8afDJRuoGqCQNcExTZ9grwyH,72917
6btzDLCmFxZZ8V5BnATvtxjyd8JN99hSf2gtfQJZmXK1,18958
4AoPgm72ccCrECtxX1mzwNS1FeD3Wwdvc9DUkpqnNDuy,3645833
HDtMK3k426BbKMkda6qeSQRVWTXsuNGtBqcnwnTmmJWx,38326
GThVoXCPvvNNoFa6XFV1u9Fgit7eE73zy61EQgYZUFYv,36458
8k558P66Eksx1VNT7GhgNa698r8JR2rN5QWup7Si9ieY,109375
ArCCDd9e3rRaTTnJsMGGWUybVdd17N9d9edhXV17QAYS,33757
8m5iBhPgD7pqULMpLTjiy3PSVuhWQ2wKoF75DJT5FnDw,36458
86mAwKTkUbdEWbgabWPdAp7778osrqKNr3nTryofsm4v,18309
CvVewi27bm8p12La7nqLamjDcjw9wWWcDb5ZjqJp75uf,43749
FrVodgvvSMEZutYCThxAEyCsi7bv1GVfp6TnuTJAweXn,20177
7tPPv8qdzSp3J6fGTKpvomHL4iiT3W1PRQ6mv4qc7iQx,72917
6kyTj6piPjdAHDZU5k5PUmX6UDYtgJrfQknseMnhggZi,56875
DFQiVLqUfG3JP5Yqaq7r7CEFbtyc73cYekVZwQQhfn6j,36458
6vipfbnj5aJ5N63u3ssnUh8byv1bMoHiaGv4WHrmoa62,36458
5WAoPhRfiqLeFvanF256btn1KFndxm6PAv7YEWCSFjkc,39944
7dCFnEaPSqNX3NJ9aKE7ZTJmC7ktrWUPwFx17vG2tjT3,40125
B2ty5WznPFkutH319CLhF1DxRXousi7moGgbNM5xeDmi,13988
HrJcKf4nHFcWLyymseGjrPF9zsApkf5pyrsx3ifExz2R,43376
AHfcSQSBoZ1d9rSxnp2VHA84WzSyk7jmVSpnfpNNetM2,36458
HYZXy7XAgCtNFnidyX1fKXTtSGdyzhHDwFE3KhoE46SS,48724
FHZb7BMKDDxm2gJj7NfvtQgY4mQ4ThdrDVeV49NduQ6d,21875
5826X7wfGuPxkuPfPrztEZLvydc78Q2TY9o7LuBMC2W7,55417
CSmhLZEF44hxvf7pSmCpahupoJY9DLnQbpvXzTdXpu82,58333
D34q27BaPziRHxnANC7bQ2TLwcjqYGHKcsUsuutynhPW,80208
DcmwG5EKmyFMezCVtdgvufadrhytGmC63Q8C7oPmKiWV,37495
BRe7MAyBdbN2az8GeSPiJctKF1MEDveh1CW7mN6FMo86,7292
4Rq9vnTBuqqj6ME5xLM6MKXPDwqMMXN438YK9JMr9hzk,72916
B1NVu12YyHFgmifr97KPS3esPN8edodXQsUYv2Efprir,72917
FY1C8aEepGMx9PcGhLaNr5Kaiisi68NEEEsrhnb9n2c1,66917
4xgFvoKqXDnpqozqncHS8dcfSegHPjhAoiazuwPexeVB,36458
6AFt1VoQCzvNcdnTiHeMhe1n24x8kM1yGWR6TjhbWjqZ,76563
FsA7rxm9iMaTzyb6xiJP6py2DR2m6vWTAvrHVhQsCha7,37188
E7xh7CYHZCiUCx6E595KdYxYMksRNoeaJiAzTWgJac39,109375
FwXFCFmEQBNAzUAWgGcn91EUEkWhLQR4AW6nYVDo9rxu,51042
G8zezf8Yik8QE4P8oAUWDuzLihNTJYP6cWDLaTwKHMyX,37188
5QK7eorxoRMN4iFbDehs11tePoQCtZNVkbS89RVjSh3i,182292
CXugQDYHSiMSFKN8bFWBuSSVSAes9pJDzWqmhWDPSECv,58333
3ctxNg6Mfvd1ZnbzxPM8C32LJSH1WQkUhRHz3tqT2Gtt,72917
CcGMUZRZ7j4mEmmz1G887dqhLXttFHnEvZSWfLZ79edi,9451
5Cf1GRHRmY4AArJjyKh2ND2AAD2uGcYjga1AdVQeo1St,36458
6L4DHMsLCc6SnQaX5TGf6Xq4hUbsinFwLuKu2LPcyNUp,8750
3wGVPpFSEDh6K75F5JraTqrHNFPDomzvzC49B8Yrj5t5,37188
7LdUp8KVL5fWJ3g2774SqRzbF5pPNS9TujPnNzA8KzC7,75833
D9NeSPswhPsDJ6EjWYfrcLdS2xf6eSDMvYHkdhWH4zrN,36531
CrxboQ89egpEMtSQJu3qzMWjKZykV5CbrQJxpFhbzvBr,36458
8gEddKwjGKwtyW33tXjd3wN8WJVWEQLzqVQQacDm8j7R,37188
8Qj3Tt9MWBQC7jahoXEVg71Hr8bfYckpjUQLuQPbd2Mr,58333
F7eQoJyZ7dK91uSjuVBmK8c8EqzfmoiRtCd67nuY58Q8,37188
9RCCe9tQW3b57z5F4LZ4epfLgGticdQ3TXDnFcHMmhAP,103542
G2CD1WooyTgyKD6sHyhQvufAkg7MrVpV1d4WVEJ21LnV,21875
9v1VyevQLXKbyERtQ49z32nLyF93KqpWRDjCfVfu6v9Q,200521
AZB4ei4pDiiSDRJpYQzFh6gFBVsx1k6azRwVJMd3w77n,58333
HHzRdaLQL6JGiDHpe8XHqQPLGtoEPignrtzVN6vvySu,51042
ALvBqHpp4ydLuZxRzBBj9ccCGzkhmKEwZBnFb55v3tCT,40104
5WhBq6pN6Go8U1BiPjx15jcdEzPruwGHF1qoZwZtx3xN,66872
7ekQC2PJcwJdQFkssk19sEHxtMH9Kz1YDQsKJGm7Hy1t,145833
33ZeegwwhGLA9QEufzRKdwb8PQak5z88tsZHDuUFGuoS,37188
EPev4hDojBvXSN9eznwhjd3RuA8LzkyJfk96mtsYbebS,145833
E3JFVKdSLVCQkwC2w7Dc9YpEEUkWcSURreaeQTPS8GsW,43750
E2uUVc47AE17n2dzzVa4Sz4T8c1UsW6k5wdkfNV9sfEY,272048
9szq3wBUHUt9hhp842NmzWkiynyf5fm97DxKQQPFsokp,40104
Au7v86PPwVrCwKnrfPgHr2yep81sfi8PixmXKDYY6Y4U,51770
7qF8LXtMrJTdQHm5vE9QskKbCR81jG8zhfWx9yyi75HY,40104
3iehPMqTvEsBCnm3B6PMTUmKg1f9LYrTYdNcWNR3hquC,37188
HpwaRkWhQgWzh1fqvbv9CbBDkr4tDPaRyofJxJbUH3Uz,20260
EvmkwDPAFaQoEZ9XRQrR5aDPFwnjiJfj9GZATUS7VGRm,27362
DtQKwx3t9XuvUZbec8hi92j4gT1urve7A2PvaHZ8Ynhj,21869
3nZtezvWd7gnNbcLLto1fcmoFfbbmxUBPbkwNqxpcqap,40104
EWWFFtzArBm1RM39JMcyen6jTWqfRCM9f7o6nnQYk33J,36458
2ULS9CStqe8NTwMraMjM2q7wQpozrLbuhx2kTjXKxrEx,729167
6mU8iTTsqJvtuVwzd7pZ58YhHdEsQoR286iVjaL1eR9s,218750
HUXu2dBF56dh2LPgyCKEUAc1VT6LfwAF3bMmMR1kPs51,43750
7e1dxZaMypR1h59VyHuZA726KYkMappqvTs9VzCDjDWS,20296
7AU3A8EBmUJSaW3rHzMRm26qqXvskXg6hHZjaG4bungQ,69190
Dmv1un4nurFPnz7Te5bfxGCStq2ezzSzoj6u5qyRBmv9,88923
2PM93TKhsYm52heAsew9ajw8WGJEJudMgL37kFZubYdv,1550634
F72v3rTuhhYueBq7XaMSRzfTs7vCGoyAoc5a5WvzfD45,36458
2g6CcAWEGJtNnTYPNDn4A1KmD3yHJkAB7c2FzCymhZbh,51770
6RSnzvdP6NmkZReAUgEQHvZCaUyrRzZT2avDshtTZK6k,110141
9bqJAsmXZa5zbmBpdKe5XtAd91yVDW4FjEty9g8DG5Jo,48559
DmJYCXVerfv3rcsdN4ya41vAhfS478UtmP3C3N4EKnEx,65625
28GFv5osVec2F563NzeC6knd9wNfi8AVj5MWLj3D48sA,277083
4Bcwg5UfuvtyuN5vUqQDF8bRtioQYaKwZe3drPLzDVrc,39678
BNy77eGWgTuruKod8m2B5gvfxVAtAgUSVGNzabbQQi3U,37188
EWyJbZnYmM3S61nmxkx5oLHf8cdCfHdkB6UE9HsqfLi1,51042
CzScCsUkZvaEL5w9ZkV9bZpwQLqBM43Q9KyXsNoM4vAr,18229
2gFo9T9khXSMTMvR4EhtZtA46mfs7PU61mwyh8H1aceR,72917
9Vk7pkBZ9KFJmzaPzNYjGedyz8qoKMQtnYyYi2AehNMT,36458
71EJCwBwwdrbfJWe6RhiNkhWskBQ1szEHXi1XPHtviih,58333
2BqrvwV2tAXqFVA4rbEJpk9MykuEuCQo8oiGS3a6H9BX,379167
7AvPjgT2k1ropagjQDAFFUuFUcJsWL65YtCHgXpdHWvY,863612
9xRiMVzuwkaFMoFZJJQWiwJ7qPnxty6dVDi3WrWPT3Qq,51042
8jE4hx1Dece7MkukQY4LqgTFNKCjBiU6UGFLg55DHp61,65625
GCTUJppnKZvK7yxma8MzGq6ikF9dWwmhbXWREjzccYPs,25521
63Qe7Suj5h7Vo5ctR997R9m8D9aohDXiEEWYfN3U3Rh3,526411
DUEsnQ6UvJuKEuBYwn4bzTkSx8be9spFvEtbPBSwNtrA,50841
3Z8YK6TsyVEntxU3tkkcqWVG3mbKeH8o39MsP6bpQ6PH,51042
4cEukaVGkcE4bj2wiFnireYAizZyCWsTac1gKCb1LYXY,126875
Dwyw2yacpyCGhaECpDTWGmxaFfqG9ABSH7gsig2mFeCC,51771
JD1vgwVpYSVC2Vwt2RcGwyL1DMHBYUKBeCXgXZ6Q7QGn,405938
6mnYWsqbfHFca3C14oXcNRv2FfiqkUbh5UDw9YMbkVPR,1079167
8JZDFAKAP2JE21xEv2rSsmkvPpwsTyd36Msr8FWL5dTM,313542
9KYqDSTcsHkRna1YrkvLtixx56X9mkSKoeQCtNmfnoLH,145833
BGvvXKPux9xwQ8fBhUYwfDnZ3CxxxG5n1WpcNmmVmmwY,124306
9qum8up565f4DFRjcTmXdcFQJyHk2eZvbcYoprkN4MN2,591048
BoqWwQo49Q1jZeJawtpUtJoS6FdVkEAmodTGi5bFMVT5,255208
CdqPqRaCpffErA3hBh9Pqvm7wA4vuE7xbTt1tiPx8qFD,38063
Gry4ZqB9fA1eX7idHpPds8f6bHkMUWfTcD9y3FvXbVvM,1239583
ECYtm6NsZFKM6vhfa5FLKBPKr76YZuG3sJTxnaXnw5Xn,41634
DVRFTzkmuWZ6kaKVWhTf658BgnX5cXw4UThHb4JYVMYy,41563
BYY4o4Vi2qeekFdmDwQc3JiPni4yAxTtDJvrN5Ub5XTf,36458
ACRfghcB4u57o2NL9bPQQvmM75UrEveVYWaDCwYDtc4K,153125
74YMWMTDFfssnwSuvzJWkkEB15DDpnVW8NJh7s1TPFbY,14584
ArKsKodkeSCb5yXF9zgtfZeS4Xd82ShJKuaUP7r6r62C,43750
8rMsnEDgTVvt8Y2v6QMej7zvHRuaS3CRS5bggKGYAFJH,72917
BkE2D1zdH1EhDaKTpvFHjUtrYQGPXmEGKNjL7wcwzMLc,36458
DiuSpnPA2zWXkbW19KQShcS8vq8jL1QPuhDqHDhdTRKV,51042
7hss2rUC4uGX3UuupfyKSvdTK3r8pJGoLuKcFHRZBRRN,437500
3Ccq8CBoHEj4hwwZYBXbGwcC4kPNtqo5Vj7L3i7dkKws,195318
9PurmTon5YTnM4wu6NCuwdvZgGaZxrvGJAqf9RDujiyj,133729
Fi2EKWuMMX7xyTPQqEeiRLCACYd6en56AcfsE9gJpKeB,51770
6ZguV8GnftfGuBSb9VCc3dmzR9WxmyF83K3k2uHHZEWj,105728
Y9PHtB4mmDpPhwAfDJrwGbhDiPefVvvnshVnkWfv6R7,158238
FmhRMrjN9W5LBVDPGDs7TGZjQQvHyjyZrMSBqoR2SmYF,134896
9JvSmF9tPhuBFTL7Jg7S4Vqed1hBvEsMauvEqiB5Sz1S,36458
FteTM22psW8HXytzBpjokN1AGUbAn6wYqEAUcWHbPjqJ,36458
Bz2q6G5HrGEUYC2cAjqnQiQdPBXMVJyizrBAqXPv295v,2661458
B7uX2B3bigJh61UWGZ4xsn1UB7KXh9kTWX4nBRq6Qg3V,38863
7y2a1A23AtigXGmD7FK6oNFMDwHcAYNhEQbibp6xNhK2,72917
HPAtYD2ZFiAPkat9hNnrr4xtLTmzrpLN2Xhj4X3aWwE3,72917
74WBSp8qyxaUcprHzXz3vTrDBgSsv8MVQyNJVQ7VqrfA,1093750
7kX4s9rcVNK1LvJ43Z4MaE2WV9VcpTnK4dQcsVFrUHy9,52344
8tv4i4WLwFGsPA4ywtimfLVy3rCKu138wNbuHcU8Ujhd,72917
G4AoRqtcXLoxqqQWbpQmCCDQJxCBWBHkvdZtMtLe7Fhu,36458
7WW1NqzfucPhkQG3Vu5RaQyBoV6h6UDGgEAFaoYzLvid,291667
E5zi6AUd5veQtWnabGVXfDkFoQ9jcpxbF5MD5hj7t6PM,692708
FaNJ7prSRy5CwMhBQueURTZCD85J9eW4zpDnk3sRvMfp,73823
EbRL3qYvgNKTXLupHpQqc64bXTj3Suxvq7dzi7UV6cvB,41753
7YYvyQ76ACtzVE7Qwq7HV3QpbhuSsd2uX9z4NuBHSPMF,102083
HRtqwq8ntwfGGQSMyNwB75u5NJ77KM2gNMi7j3CEukoZ,36458
EpDze6WjGSjud4EaDwKFEAYsoWY4i3hbHM2MdMQLCDcn,143086
9y28qASaNELHZMV59rhTtYTdGYopTDmH5dnCTVt9wfin,40832
9jBYTtxs8Xh27h7NhonWTeTuJK1oX4dGpKdVVy9LhPUn,36458
ADLbDMNkgZHUQegHQoGzMF7NeUkAqZ8jxe2arpoDr6jb,200521
DxU8yTEWHg4uHdUMpGVAtzi1RHi2uyhhkPb41vTN8GYH,50313
6zkeiDt2HtaCCFgw5iyRKmFsUHAW4nXW9KJJagUMFozC,523542
AX3rWaV4HPUcjudu67TcxaHCNv3stJFud34sqmayEE23,29706
Ei1fSDEFSGhE3WAciQ5VNfFQY35xioTERRJS8AgvPYqF,48907
2ToTfiTsewjw2LK9YB5bnUJdwBC8f5XuZzfhKhrzHC2i,52567
HoEuY3DHY7oVgyKjKUtUU1aeAuogPfdFCAZ5UjArrKHj,218749
BbanNTE2iHRcya2XEtgdfYqB9yY2orKMRcbcpgzuFECA,1050729
WCesrwYECiJf3w18p7byXKcBm5GkZUxphP17EJpVYfQ,72917
14FDxRCwwjeavBmiNB9S5eU34xrGwsoZdFhhyQmYaN8g,7292
HJLekJdRHgjn6ZueBrdSbMvbVf9qSKZFg1w4Zx2VZXPd,105000
8betGSRt2vAg9kdC6JixQ6QzUAEoqehKH4Bqz9znVQgM,45998
8kqmU5SYKDyYT9BSMhea2366yqLbuZS14TxyQyksqYue,36458
647RmUc3tSnQ4sfxHMQekjiqAyHyf7yoZmprmCJNB45B,72917
2bAuQoxf9WHRJHkaF1VLgydTJBUy6UtRN9w4ozB5KMSk,29167
8v5tyLtB5DAycfNodkbguudYXbXhPr2KzuVLM7HkRVFi,125129
HPa4XvwDuGeKoETfaz4xkWovBvjEZuuqn6t9BYxiJZGS,38085
H7KBDgU4kfhM484sR1vtEs8YCDmPN9548AeXJQokKuon,16002
9mUZeptddYL3JFroTMxg2WDYrM4o6ShYJ6Vy2mQyEhi4,43750
GoQYrPp6DFuVCuuPDadCSZpEDLGSEy63FqK1pHq3YHms,36458
ApnUXHn835SZExyxXT3mwmd8ceBTic1CoYnuRD1K6FHQ,42638
JA4BMocdJNjTMNWMRmTjdcbsb8BxmYStabjcGaNZqNCm,40104
4GHDkZKt44j3RS8SHiSRGmeiUkLPLtzHPMvBk6D1g3JG,72917
B78AqnPTduoPTLCL8QimC2HJsH3eEntFEDxYCJFfqM1t,72917
Bec7J3Ch8Ec452aCnUjqg5TQJaWR4A1wmJFAvphRExEg,72917
CZD3HUandJ3z459WYs9F4R4HoN2KYwWPvFepFzeCD47K,72917
CGhykK8aptcksEDmHQj27xq9VqfNmaaLscFUA3UKgeKn,45573
EE27jnyBZbZQ1beZagVNr3gSNpapEjs1A5WaYHxb3vEd,72917
2erNoMwTGyex3CZWv3xk7WVVzrDNju1GNhECGu1GPvse,36458
Asrgp2z1ov5wCEveXWkr6a9769eZaM3NowSSvgQKQiNe,36458
EqgK3BDcQ1hb8nQQJ1hhdh4oVRTM2U7BLE3wdiHw7Q2x,37807
D94v69UJWSsmnDjuVZuDazemWp1eyX42x1p3LoDfr2Re,1604167
7YDQpzADZrwdsyXD3xFvQZfFLBmsmYaRMUmnayE9AJYn,109375
39bRkC5BbdwPHAhKiisWVAtj9j9hGBSzJ22Yd63e9hSb,1093750
9dGKfSR9WpTd2WSKomA79GzJWhSBy6NSuHGzghs6czGR,109375
ANXT2QJtD68q3Nr7g8kxzSuiQQvguHh7Uz3tnyCjnw2W,1895833
FCjdqqUuyNd5CrRn2kLU9RKPA77phkXotUNvvcvTCjy7,148021
Gnr5hwWBLBHjuDadBirHYnXoAQ77aUKW7WuMrQxwAMjB,80208
EMsmJd1Ckch56Nb2vBNdf3wTnXBrFUoDN7svA2e4JWA,29167
BmRCKiRPVBrRFcxcLBgtxrHpozTdBDXX9YNFiYqkgeqB,99964
7k8YNzdq5k8J5QZSZz8kJFG2YT1cgZeo4H8JFJq8JXc9,106302
AUj6zi4rNZj881DYZ1sRRtwaEwCVSgrYhi9DJaKLW7cE,13854
DqA1XUf2zfPudpEP3ArFpmsvi1EEhhvBDz5TH12qe9Xm,87500
ByfaxWNVuNGdVxm9iGKZ5DoPRnMxqwXqoEBUSt699H8X,1822917
Gqi3VEhBXD57vPS6BJ5dS9q9gHmaYThSBrRa7iZF8vTZ,72917
GBonhuajW2ASmN8tRWJDN8rUC3awxhwfR2TCaJfaPkPi,13841
AWYaxr77gNzKjgsfEqyZHFXpxRzgqZ45EnDm1uXHwhMF,8581
8sa3EeThSXXJwXhA42X5r7YyrQ9hzMFiLD1mqLvqqu2U,134896
6rpPJpZoi2fscTqku2Rsf4EQDTt26yQH6cZY19G9R2R3,145833
Bfyc9K5s8QyyuHMp3QS9WNvmQwgCStw9iED6K2fJAcVY,218750
2kZBGQciBUUJVMMjbid73tfGcqDa1VzGYKxv28wRsCfD,36458
ACkwgfpbLx43PdR1sYVicg1j7cmdTWHuF2k5mUq7K6aF,51042
6ByJozcpVn4fU9H2Afv52SnGNuLSFaYpMaLqDEyqc1DX,36458
DQQraDVv4WUpEvMPqYTgUcWDzbkVvb7hYTH2h5X43Zjz,36458
ApWikYe3b4AY49enmxkUQFQnmnJjREeUpKS5nrWf6ePp,145833
FxVjASWEMTBNpPQrFF1euM4in5zHG3zRPQVL334Dnzk4,100625
acf6sHNz6NA3P6VmhSJAaAhTFbDayJ62pdLTZhwZP1y,72917
2FC5gs4wcFapUMaHecnJsfUSQYT5RHVJdUUqVt2ppnbq,88958
AkrSrmm7n9AnWTwwceRXZAmXkTagjbAMmzFz95boPvsU,42922
CCvzCtQyvMMuNuc3gSeS5vHeWH2ixmq9f5Y5JzYd3Eh5,72917
7zSmUoMqepxpRQ82JUBJtYC1eLUgvuZSyjXKbpG1Y8dA,37328
CfWRy3qA7SBF6LeY3R57WvUyUydbiukjjo7uxFGrNGvm,36458
8y9UijBAXtomEyb2HFioviYEVivsPCCHaN1KJp97gCro,36458
GSckn3reCRMoL1LSFSFKgg4ksNpET2timCM1adeNtsup,45353
DEpGfjj3ME1N3doBuFLxbp9pBREdBcfdB5vhd1nEgmha,36458
5xcdjRc6KEzPz51pQEM74Fwt2nfM4oeTfVESabAxXbay,41654
5Nffh5CXEZfdBXrTzQPH2GDtU8CsUXjjvsSYow53efjh,182292
3vjtogFtvzJNVkUyzou7BQqk2EQdSksixamHac5VWt9V,44431
GmnrZmn4Twaaccza34VwrBAJbDjprUPHpzgLopkvyTK1,11667
6VLCzUxRHkdqswjzNcbrdDmf1DYhczpPs39dMMdPBXub,36458
4Kk3R1Qb7kWs3CgUf1sRaRaXyt1cfApp2RJT6Qj5yo5Y,63337
BoQAwL3Sw9zt5xauc6hcribDdYKHw2CfErmyVKc9eAup,14583
BRApvFTpfNvPQmuirmNFJ866kYroWZHXf1kgVpiJmqxr,18229
hbcZ2LS4UTJdVk7WbogKRGHdjXKCBULKASyLHMsYRZd,9005
HWDP1BZgCNDzjRpWBWa35teqtdJL6SUwLs9ZvybTnrrn,116667
HgFiCP5mVcCxCfgN2iSfSbGdA7HBztHL7i3hTVGF5f5X,59063
Ep6WACXS8LMy35X96zNebvJtfeNV2NF8rjczUTneSfSK,53629
GdhbQqUTnyxQH9StM9amXYQKqnZ6qPmQG18MN4wSahWV,145833
FVMHRwQDPhurjBCGHrgsdXARNWKVCgwQ1SFRyK8k8VRe,29213
4AEzUtABqDUCsg9jWgiZTNxixQDJWkTN5XnTHGHvnVSj,43750
7SF5P9meaG2uQfe2F38sHShn9BCRifdMVUyoXEd1jfAP,14583
VU5cxJ2ciJb931azNbwbATfqDSj3WXQQqFmPziAD2Gb,18227
DDh2mEkNjN1Q6Jox3FLvEZpD7WtzmAKFKBwK6zaMSkQ6,80208
